datetime,open,high,low,close,volume
2026-03-12T03:00:00+00:00,86.42399999999998,86.90299999999998,86.31499999999998,86.78299999999999,30141
2026-03-12T04:00:00+00:00,86.78299999999999,86.82499999999999,86.27199999999998,86.30199999999998,14808
2026-03-12T05:00:00+00:00,86.30199999999998,87.32999999999998,86.29099999999998,87.19799999999998,37035
2026-03-12T06:00:00+00:00,87.19799999999998,88.41999999999999,87.00499999999998,88.04299999999998,40734
2026-03-12T07:00:00+00:00,88.04299999999998,88.94999999999999,87.69899999999998,88.90599999999998,23130
2026-03-12T08:00:00+00:00,88.90599999999998,89.07399999999998,88.40099999999998,88.64799999999998,29289
2026-03-12T09:00:00+00:00,88.64799999999998,89.02599999999998,88.58999999999999,88.97099999999999,22543
2026-03-12T10:00:00+00:00,88.97099999999999,89.11899999999999,88.68399999999998,89.10199999999998,20692
2026-03-12T11:00:00+00:00,89.10199999999998,89.12399999999998,88.67199999999998,88.81599999999999,21135
2026-03-12T12:00:00+00:00,88.81599999999999,89.27199999999998,88.46499999999999,89.17899999999999,42627
2026-03-12T13:00:00+00:00,89.17899999999999,89.31699999999998,87.62599999999998,87.78799999999998,137574
2026-03-12T14:00:00+00:00,87.78799999999998,88.37399999999998,87.04899999999998,87.44899999999998,153577
2026-03-12T15:00:00+00:00,87.44899999999998,87.57399999999998,86.37499999999999,87.11999999999998,145583
2026-03-12T16:00:00+00:00,87.11999999999998,87.47899999999998,86.75399999999998,86.99599999999998,93340
2026-03-12T17:00:00+00:00,86.99599999999998,87.38099999999999,86.61899999999999,86.69599999999998,82768
2026-03-12T18:00:00+00:00,86.69599999999998,87.07299999999998,86.57099999999998,86.68399999999998,74337
2026-03-12T19:00:00+00:00,86.68399999999998,86.91799999999998,86.23399999999998,86.37599999999998,70479
2026-03-12T20:00:00+00:00,86.37599999999998,86.49699999999999,84.90199999999999,85.67999999999998,28764
2026-03-12T22:00:00+00:00,85.67999999999998,86.03399999999998,85.03999999999998,86.02399999999999,15713.53734939759
2026-03-12T23:00:00+00:00,86.02399999999999,86.04799999999999,85.67499999999998,85.68499999999999,13307
2026-03-13T00:00:00+00:00,85.68499999999999,86.75699999999999,85.59199999999998,86.73999999999998,19579
2026-03-13T01:00:00+00:00,86.73999999999998,87.11099999999999,85.64099999999998,86.47599999999998,57156
2026-03-13T02:00:00+00:00,86.47599999999998,86.89399999999998,86.05299999999998,86.09399999999998,42556
2026-03-13T03:00:00+00:00,86.09399999999998,86.43799999999999,85.80199999999998,86.39799999999998,30983
2026-03-13T04:00:00+00:00,86.39799999999998,86.42199999999998,85.86699999999999,85.99099999999999,14630
2026-03-13T05:00:00+00:00,85.99099999999999,86.19599999999998,84.85999999999999,85.37099999999998,46601
2026-03-13T06:00:00+00:00,85.37099999999998,85.57699999999998,83.86499999999998,84.14599999999999,79261
2026-03-13T07:00:00+00:00,84.14599999999999,84.58499999999998,83.28999999999998,84.06399999999998,47708
2026-03-13T08:00:00+00:00,84.06399999999998,84.67499999999998,83.28199999999998,84.34199999999998,53711
2026-03-13T09:00:00+00:00,84.34199999999998,84.77499999999998,84.00299999999999,84.65499999999999,41243
2026-03-13T10:00:00+00:00,84.65499999999999,85.18199999999999,84.37199999999999,84.91099999999999,42355
2026-03-13T11:00:00+00:00,84.91099999999999,85.45599999999999,84.60999999999999,85.36699999999999,34685
2026-03-13T12:00:00+00:00,85.36699999999999,86.13099999999999,85.29699999999998,85.90499999999999,47843
2026-03-13T13:00:00+00:00,85.90499999999999,86.17599999999999,84.99599999999998,85.19999999999999,94773
2026-03-13T14:00:00+00:00,85.19999999999999,85.28199999999998,82.29499999999999,82.30199999999998,138148
2026-03-13T15:00:00+00:00,82.30199999999998,83.27299999999998,81.83799999999998,81.91699999999999,154792
2026-03-13T16:00:00+00:00,81.91699999999999,82.20699999999998,81.09599999999999,81.97399999999999,137697
2026-03-13T17:00:00+00:00,81.97399999999999,83.06199999999998,81.96399999999998,82.60399999999998,95772
2026-03-13T18:00:00+00:00,82.60399999999998,82.91199999999998,82.38399999999999,82.67299999999999,84117
2026-03-13T19:00:00+00:00,82.67299999999999,82.82899999999998,81.51999999999998,81.91599999999998,88593
2026-03-13T20:00:00+00:00,81.91599999999998,82.22199999999998,81.58499999999998,82.15699999999998,14603
2026-03-15T22:00:00+00:00,82.15699999999998,82.27199999999999,80.96499999999999,82.03899999999999,34439.18972042485
2026-03-15T23:00:00+00:00,82.03899999999999,82.10699999999999,80.82299999999998,81.64099999999999,45713
2026-03-16T00:00:00+00:00,81.64099999999999,83.10799999999999,81.63899999999998,83.01499999999999,43232
2026-03-16T01:00:00+00:00,83.01499999999999,83.09699999999998,80.05599999999998,81.92099999999998,135744
2026-03-16T02:00:00+00:00,81.92099999999998,82.01199999999999,80.69399999999999,80.87799999999999,70997
2026-03-16T03:00:00+00:00,80.87799999999999,81.86099999999999,80.42399999999998,81.79899999999998,47183
2026-03-16T04:00:00+00:00,81.79899999999998,82.22199999999998,81.63099999999999,81.64399999999999,18427
2026-03-16T05:00:00+00:00,81.64399999999999,82.03699999999998,80.98999999999998,81.82599999999998,35955
2026-03-16T06:00:00+00:00,81.82599999999998,82.30899999999998,81.15399999999998,81.65999999999998,57394
2026-03-16T07:00:00+00:00,81.65999999999998,81.93799999999999,80.49199999999999,80.62499999999999,43879
2026-03-16T08:00:00+00:00,80.62499999999999,81.07499999999999,80.22499999999998,80.72199999999998,48957
2026-03-16T09:00:00+00:00,80.72199999999998,80.73399999999998,79.15399999999998,79.40899999999998,47617
2026-03-16T10:00:00+00:00,79.40899999999998,80.57199999999999,78.68099999999998,80.47299999999998,56130
2026-03-16T11:00:00+00:00,80.47299999999998,80.97599999999998,80.24699999999999,80.49099999999999,35804
2026-03-16T12:00:00+00:00,80.49099999999999,81.80799999999998,80.38199999999999,81.79299999999998,44254
2026-03-16T13:00:00+00:00,81.79299999999998,83.19099999999999,81.30599999999998,82.80899999999998,109701
2026-03-16T14:00:00+00:00,82.80899999999998,83.10199999999999,81.58399999999999,82.23399999999998,139950
2026-03-16T15:00:00+00:00,82.23399999999998,82.70399999999998,81.76799999999999,81.85699999999999,109051
2026-03-16T16:00:00+00:00,81.85699999999999,82.33699999999999,81.06499999999998,81.75699999999999,101090
2026-03-16T17:00:00+00:00,81.75699999999999,82.26999999999998,81.67899999999999,81.78099999999998,76322
2026-03-16T18:00:00+00:00,81.78099999999998,83.04499999999999,81.66799999999998,82.60399999999998,56371
2026-03-16T19:00:00+00:00,82.60399999999998,82.95599999999999,82.28099999999998,82.42599999999999,56323
2026-03-16T20:00:00+00:00,82.42599999999999,82.60899999999998,82.21599999999998,82.21599999999998,13324
2026-03-16T22:00:00+00:00,82.21599999999998,83.29299999999998,82.21599999999998,82.88199999999998,15349.492228926678
2026-03-16T23:00:00+00:00,82.88199999999998,83.26999999999997,82.85599999999997,83.23899999999998,8132
2026-03-17T00:00:00+00:00,83.23899999999998,83.24999999999997,82.34699999999997,82.50099999999998,22213
2026-03-17T01:00:00+00:00,82.50099999999998,83.59299999999998,81.96899999999997,83.56099999999998,47372
2026-03-17T02:00:00+00:00,83.56099999999998,83.65299999999998,83.19399999999997,83.26699999999997,30080
2026-03-17T03:00:00+00:00,83.26699999999997,83.68899999999998,83.00099999999998,83.48099999999997,19910
2026-03-17T04:00:00+00:00,83.48099999999997,84.64599999999997,83.42599999999997,84.56399999999998,18043
2026-03-17T05:00:00+00:00,84.56399999999998,84.59399999999997,83.15899999999998,83.22499999999997,41525
2026-03-17T06:00:00+00:00,83.22499999999997,83.33899999999997,82.63299999999997,82.70699999999997,59927
2026-03-17T07:00:00+00:00,82.70699999999997,83.47399999999998,82.70199999999997,83.11999999999998,21425
2026-03-17T08:00:00+00:00,83.11999999999998,83.31099999999998,82.65699999999997,83.05899999999997,29775
2026-03-17T09:00:00+00:00,83.05899999999997,83.14499999999997,82.64399999999998,82.97099999999998,23651
2026-03-17T10:00:00+00:00,82.97099999999998,83.10199999999998,82.04899999999998,82.32599999999998,31263
2026-03-17T11:00:00+00:00,82.32599999999998,82.84899999999998,82.19899999999997,82.40899999999998,22358
2026-03-17T12:00:00+00:00,82.40899999999998,83.16599999999997,82.12099999999997,82.77599999999997,30778
2026-03-17T13:00:00+00:00,82.77599999999997,83.53499999999997,82.66999999999997,83.37999999999997,103803
2026-03-17T14:00:00+00:00,83.37999999999997,83.60499999999996,82.25699999999996,82.27699999999997,118773
2026-03-17T15:00:00+00:00,82.27699999999997,82.59199999999997,80.42899999999997,81.33699999999997,122019
2026-03-17T16:00:00+00:00,81.33699999999997,81.72799999999997,80.89699999999996,81.52499999999996,89703
2026-03-17T17:00:00+00:00,81.52499999999996,82.20499999999997,81.49999999999997,81.69099999999997,48355
2026-03-17T18:00:00+00:00,81.69099999999997,81.98399999999997,81.53399999999996,81.60699999999997,47660
2026-03-17T19:00:00+00:00,81.60699999999997,81.60699999999997,81.11899999999997,81.28799999999997,51692
2026-03-17T20:00:00+00:00,81.28799999999997,81.45499999999997,81.21799999999998,81.38599999999997,8792
2026-03-17T22:00:00+00:00,81.38599999999997,82.01999999999997,81.26499999999996,81.54899999999996,10499.841836734693
2026-03-17T23:00:00+00:00,81.54899999999996,81.82899999999997,81.54899999999996,81.75799999999997,5912
2026-03-18T00:00:00+00:00,81.75799999999997,82.42199999999997,81.73699999999997,81.97999999999996,16375
2026-03-18T01:00:00+00:00,81.97999999999996,82.60299999999997,81.32699999999997,81.69599999999997,50860
2026-03-18T02:00:00+00:00,81.69599999999997,81.92499999999997,80.69699999999996,80.90899999999996,44691
2026-03-18T03:00:00+00:00,80.90899999999996,81.50599999999997,80.66699999999996,81.24599999999997,27688
2026-03-18T04:00:00+00:00,81.24599999999997,81.34999999999997,80.80199999999996,81.12199999999997,15237
2026-03-18T05:00:00+00:00,81.12199999999997,82.18399999999997,81.07799999999996,81.55399999999996,33206
2026-03-18T06:00:00+00:00,81.55399999999996,82.67599999999996,81.54699999999997,82.38299999999997,35475
2026-03-18T07:00:00+00:00,82.38299999999997,82.73699999999997,81.84199999999997,82.29699999999997,21975
2026-03-18T08:00:00+00:00,82.29699999999997,82.47999999999996,81.51199999999996,81.93099999999997,34123
2026-03-18T09:00:00+00:00,81.93099999999997,82.64899999999996,81.90199999999996,82.48499999999997,22859
2026-03-18T10:00:00+00:00,82.48499999999997,82.70399999999997,81.46499999999996,81.60999999999997,29631
2026-03-18T11:00:00+00:00,81.60999999999997,82.18199999999996,80.90899999999996,81.13699999999996,81847
2026-03-18T12:00:00+00:00,81.13699999999996,81.65399999999997,79.97099999999996,80.08899999999997,101519
2026-03-18T13:00:00+00:00,80.08899999999997,80.18199999999996,78.12399999999997,79.98899999999996,143804
2026-03-18T14:00:00+00:00,79.98899999999996,80.46299999999997,78.74799999999996,79.34199999999997,122154
2026-03-18T15:00:00+00:00,79.34199999999997,79.66099999999996,79.09499999999997,79.17499999999997,85479
2026-03-18T16:00:00+00:00,79.17499999999997,79.94799999999996,79.07499999999996,79.65699999999997,68205
2026-03-18T17:00:00+00:00,79.65699999999997,80.12099999999997,79.46599999999997,79.55499999999996,48979
2026-03-18T18:00:00+00:00,79.55499999999996,80.02199999999996,78.53899999999996,78.56399999999996,87884
2026-03-18T19:00:00+00:00,78.56399999999996,79.11699999999996,78.39399999999996,78.45599999999996,97530
2026-03-18T20:00:00+00:00,78.45599999999996,78.55399999999996,77.54399999999997,77.86599999999997,27972
2026-03-18T22:00:00+00:00,77.86599999999997,78.64099999999996,77.81999999999996,78.49899999999997,28616.726106898812
2026-03-18T23:00:00+00:00,78.49899999999997,79.07999999999997,78.41699999999996,78.69599999999997,20961
2026-03-19T00:00:00+00:00,78.69599999999997,79.47299999999997,78.66799999999996,79.23799999999997,28052
2026-03-19T01:00:00+00:00,79.23799999999997,79.63299999999997,78.25999999999996,78.96099999999997,69744
2026-03-19T02:00:00+00:00,78.96099999999997,79.49299999999997,78.61799999999997,79.24699999999997,36025
2026-03-19T03:00:00+00:00,79.24699999999997,79.37499999999997,78.63199999999996,78.63299999999997,19118
2026-03-19T04:00:00+00:00,78.63299999999997,78.72399999999996,78.29199999999996,78.52199999999996,11492
2026-03-19T05:00:00+00:00,78.52199999999996,78.92199999999997,77.13799999999996,77.14899999999997,37263
2026-03-19T06:00:00+00:00,77.14899999999997,77.76299999999996,74.55399999999996,75.11799999999997,97482
2026-03-19T07:00:00+00:00,75.11799999999997,75.73199999999997,73.92099999999996,73.95699999999997,57307
2026-03-19T08:00:00+00:00,73.95699999999997,74.66599999999997,72.80999999999996,74.16499999999996,96009
2026-03-19T09:00:00+00:00,74.16499999999996,74.70599999999996,73.91799999999996,74.38799999999996,85983
2026-03-19T10:00:00+00:00,74.38799999999996,74.76999999999997,73.24499999999996,73.59699999999997,70336
2026-03-19T11:00:00+00:00,73.59699999999997,74.13699999999997,73.06999999999996,73.06999999999996,68900
2026-03-19T12:00:00+00:00,73.06999999999996,73.19899999999997,69.28599999999996,70.15499999999997,134712
2026-03-19T13:00:00+00:00,70.15499999999997,72.58099999999996,68.28199999999997,72.38499999999996,228772
2026-03-19T14:00:00+00:00,72.38499999999996,73.43199999999996,71.90999999999997,72.87599999999996,182443
2026-03-19T15:00:00+00:00,72.87599999999996,73.86699999999996,71.88599999999997,72.93999999999997,147612
2026-03-19T16:00:00+00:00,72.93999999999997,74.06399999999996,72.63399999999997,72.94699999999996,124801
2026-03-19T17:00:00+00:00,72.94699999999996,74.75699999999996,72.88399999999997,74.12599999999996,106730
2026-03-19T18:00:00+00:00,74.12599999999996,74.42699999999996,73.72699999999996,74.39199999999997,92077
2026-03-19T19:00:00+00:00,74.39199999999997,75.50199999999997,74.39199999999997,75.33399999999996,106876
2026-03-19T20:00:00+00:00,75.33399999999996,75.85299999999997,75.31799999999997,75.77399999999997,20396
2026-03-19T22:00:00+00:00,75.77399999999997,77.68599999999996,75.77399999999997,75.82299999999996,30970.677848179897
2026-03-19T23:00:00+00:00,75.82299999999996,76.26899999999996,75.64699999999996,76.16899999999997,21680
2026-03-20T00:00:00+00:00,76.16899999999997,76.87499999999997,76.07899999999997,76.12199999999997,29989
2026-03-20T01:00:00+00:00,76.12199999999997,78.17099999999996,75.88899999999997,77.41899999999997,94372
2026-03-20T02:00:00+00:00,77.41899999999997,77.79299999999996,77.07799999999997,77.52999999999997,54569
2026-03-20T03:00:00+00:00,77.52999999999997,78.15099999999997,77.42299999999997,77.81499999999997,40353
2026-03-20T04:00:00+00:00,77.81499999999997,77.83899999999997,77.26699999999997,77.48999999999997,16602
2026-03-20T05:00:00+00:00,77.48999999999997,77.51799999999997,75.96499999999997,76.15499999999997,55414
2026-03-20T06:00:00+00:00,76.15499999999997,76.80399999999997,74.83699999999997,75.18699999999997,79098
2026-03-20T07:00:00+00:00,75.18699999999997,76.62499999999997,75.04799999999997,76.61399999999996,35832
2026-03-20T08:00:00+00:00,76.61399999999996,77.37599999999996,76.28399999999996,76.71599999999997,42652
2026-03-20T09:00:00+00:00,76.71599999999997,76.88199999999996,75.25399999999996,75.34099999999997,47570
2026-03-20T10:00:00+00:00,75.34099999999997,75.67699999999996,74.84799999999997,75.28099999999996,67846
2026-03-20T11:00:00+00:00,75.28099999999996,76.09899999999996,75.08699999999997,75.81199999999997,54612
2026-03-20T12:00:00+00:00,75.81199999999997,76.12499999999997,74.96499999999997,75.49199999999996,71973
2026-03-20T13:00:00+00:00,75.49199999999996,75.95199999999997,73.57199999999997,73.84699999999997,158303
2026-03-20T14:00:00+00:00,73.84699999999997,74.15099999999997,72.05699999999997,73.09899999999996,187729
2026-03-20T15:00:00+00:00,73.09899999999996,73.99799999999996,72.46499999999997,72.87699999999997,148434
2026-03-20T16:00:00+00:00,72.87699999999997,74.04899999999996,72.83099999999997,73.32399999999997,103218
2026-03-20T17:00:00+00:00,73.32399999999997,73.78999999999996,72.64199999999997,73.25599999999997,88613
2026-03-20T18:00:00+00:00,73.25599999999997,73.36799999999997,71.42799999999997,71.72899999999997,100368
2026-03-20T19:00:00+00:00,71.72899999999997,72.13599999999997,71.29599999999996,71.57799999999997,140811
2026-03-20T20:00:00+00:00,71.57799999999997,71.87499999999997,71.33899999999997,71.64399999999996,17166
2026-03-22T22:00:00+00:00,71.64399999999996,73.42499999999997,70.63599999999997,72.62499999999996,36431.184356661804
2026-03-22T23:00:00+00:00,72.62499999999996,72.88299999999997,71.38999999999996,71.91999999999996,54730
2026-03-23T00:00:00+00:00,71.91999999999996,72.20099999999996,68.61299999999996,70.19599999999996,104229
2026-03-23T01:00:00+00:00,70.19599999999996,71.95599999999996,69.26699999999997,69.93899999999996,169784
2026-03-23T02:00:00+00:00,69.93899999999996,71.17199999999997,68.58599999999996,69.12499999999996,117469
2026-03-23T03:00:00+00:00,69.12499999999996,69.61899999999996,68.44599999999996,69.14899999999996,82530
2026-03-23T04:00:00+00:00,69.14899999999996,70.02999999999996,69.06599999999996,69.99599999999997,45446
2026-03-23T05:00:00+00:00,69.99599999999997,70.49999999999996,67.29699999999997,67.75699999999998,101952
2026-03-23T06:00:00+00:00,67.75699999999998,68.13999999999999,65.30100000000002,66.68700000000001,168017
2026-03-23T07:00:00+00:00,66.68700000000001,67.70899999999997,64.81,67.70899999999997,134039
2026-03-23T08:00:00+00:00,67.70899999999997,69.00799999999998,67.67099999999998,68.23499999999997,123966
2026-03-23T09:00:00+00:00,68.23499999999997,68.615,67.035,67.30700000000002,100394
2026-03-23T10:00:00+00:00,67.30700000000002,68.16900000000001,67.12200000000001,67.894,83868
2026-03-23T11:00:00+00:00,67.894,73.159,67.894,71.119,178337
2026-03-23T12:00:00+00:00,71.119,73.64800000000001,70.48700000000001,73.24900000000001,191814
2026-03-23T13:00:00+00:00,73.24900000000001,73.498,71.208,72.808,237981
2026-03-23T14:00:00+00:00,72.808,74.76100000000001,72.79400000000001,73.885,204204
2026-03-23T15:00:00+00:00,73.885,74.56400000000001,71.287,71.727,207454
2026-03-23T16:00:00+00:00,71.727,73.16000000000001,71.7,72.69800000000001,187574
2026-03-23T17:00:00+00:00,72.69800000000001,73.667,72.62,73.421,120231
2026-03-23T18:00:00+00:00,73.421,74.161,72.94,73.628,104262
2026-03-23T19:00:00+00:00,73.628,73.69200000000001,72.72,72.79700000000001,102669
2026-03-23T20:00:00+00:00,72.79700000000001,73.173,72.474,72.866,24947
2026-03-23T22:00:00+00:00,72.866,74.415,72.866,74.377,31232.567975751186
2026-03-23T23:00:00+00:00,74.377,74.94,74.187,74.486,31782
2026-03-24T00:00:00+00:00,74.486,74.779,72.351,72.933,79057
2026-03-24T01:00:00+00:00,72.933,73.459,71.214,71.563,132992
2026-03-24T02:00:00+00:00,71.563,72.82000000000001,71.095,72.185,99753
2026-03-24T03:00:00+00:00,72.185,72.348,71.295,71.673,70364
2026-03-24T04:00:00+00:00,71.673,72.023,71.205,71.45,38018
2026-03-24T05:00:00+00:00,71.45,72.554,70.732,72.245,78555
2026-03-24T06:00:00+00:00,72.245,74.121,72.139,73.927,100192
2026-03-24T07:00:00+00:00,73.927,75.347,73.859,74.805,81674
2026-03-24T08:00:00+00:00,74.805,74.934,73.775,74.57600000000001,89464
2026-03-24T09:00:00+00:00,74.57600000000001,74.941,73.837,74.85,55730
2026-03-24T10:00:00+00:00,74.85,75.072,74.407,75.043,42300
2026-03-24T11:00:00+00:00,75.043,75.157,73.267,74.812,75316
2026-03-24T12:00:00+00:00,74.812,74.95,73.006,73.205,83355
2026-03-24T13:00:00+00:00,73.205,73.831,72.427,73.196,178952
2026-03-24T14:00:00+00:00,73.196,75.066,73.122,74.447,157473
2026-03-24T15:00:00+00:00,74.447,75.107,74.291,74.305,112275
2026-03-24T16:00:00+00:00,74.305,74.792,74.052,74.521,91141
2026-03-24T17:00:00+00:00,74.521,74.691,73.459,74.084,121276
2026-03-24T18:00:00+00:00,74.084,74.763,73.971,74.119,77592
2026-03-24T19:00:00+00:00,74.119,74.849,74.094,74.286,44145
2026-03-24T20:00:00+00:00,74.286,76.16,74.108,76.037,66731
2026-03-24T22:00:00+00:00,76.037,76.579,75.85900000000001,76.538,31662.76722943501
2026-03-24T23:00:00+00:00,76.538,77.997,76.231,77.76299999999999,40640
2026-03-25T00:00:00+00:00,77.76299999999999,79.17399999999999,77.428,78.573,46041
2026-03-25T01:00:00+00:00,78.573,79.42399999999999,78.335,78.758,83395
2026-03-25T02:00:00+00:00,78.758,79.042,78.22399999999999,78.38199999999999,58061
2026-03-25T03:00:00+00:00,78.38199999999999,78.53699999999999,77.967,78.24199999999999,39013
2026-03-25T04:00:00+00:00,78.24199999999999,78.654,78.125,78.345,17494
2026-03-25T05:00:00+00:00,78.345,78.396,77.616,77.994,42336
2026-03-25T06:00:00+00:00,77.994,78.285,77.49,77.955,54893
2026-03-25T07:00:00+00:00,77.955,78.27799999999999,77.729,77.78099999999999,34070
2026-03-25T08:00:00+00:00,77.78099999999999,78.62599999999999,77.729,77.89999999999999,52056
2026-03-25T09:00:00+00:00,77.89999999999999,78.20599999999999,76.792,77.547,44674
2026-03-25T10:00:00+00:00,77.547,77.96199999999999,77.276,77.841,32065
2026-03-25T11:00:00+00:00,77.841,78.256,77.732,78.02,45281
2026-03-25T12:00:00+00:00,78.02,78.21499999999999,77.09299999999999,77.58699999999999,77996
2026-03-25T13:00:00+00:00,77.58699999999999,78.14999999999999,76.929,77.11,124864
2026-03-25T14:00:00+00:00,77.11,78.191,76.777,77.895,132178
2026-03-25T15:00:00+00:00,77.895,78.044,76.55199999999999,77.41,113626
2026-03-25T16:00:00+00:00,77.41,77.73299999999999,77.247,77.48899999999999,93841
2026-03-25T17:00:00+00:00,77.48899999999999,77.624,77.133,77.24,61618
2026-03-25T18:00:00+00:00,77.24,77.583,76.57,76.86,70847
2026-03-25T19:00:00+00:00,76.86,76.907,76.069,76.896,78239
2026-03-25T20:00:00+00:00,76.896,77.038,75.75699999999999,76.19,30606
2026-03-25T22:00:00+00:00,76.19,77.02,76.19,76.38499999999999,33035.884473460115
2026-03-25T23:00:00+00:00,76.38499999999999,76.437,75.621,75.916,30150
2026-03-26T00:00:00+00:00,75.916,77.276,75.865,77.209,42973
2026-03-26T01:00:00+00:00,77.209,77.457,76.366,77.125,85623
2026-03-26T02:00:00+00:00,77.125,77.553,76.35799999999999,76.568,64751
2026-03-26T03:00:00+00:00,76.568,77.137,76.439,76.978,44695
2026-03-26T04:00:00+00:00,76.978,77.24199999999999,76.83,76.974,21286
2026-03-26T05:00:00+00:00,76.974,77.033,74.559,74.586,67818
2026-03-26T06:00:00+00:00,74.586,75.32,74.26599999999999,75.24,100138
2026-03-26T07:00:00+00:00,75.24,75.325,74.326,74.618,62126
2026-03-26T08:00:00+00:00,74.618,74.887,73.02,73.465,86297
2026-03-26T09:00:00+00:00,73.465,73.533,72.89,73.27199999999999,66095
2026-03-26T10:00:00+00:00,73.27199999999999,73.824,72.89999999999999,73.3,52665
2026-03-26T11:00:00+00:00,73.3,73.62299999999999,72.175,72.538,50408
2026-03-26T12:00:00+00:00,72.538,73.39399999999999,72.342,72.702,47864
2026-03-26T13:00:00+00:00,72.702,74.578,72.569,74.493,112503
2026-03-26T14:00:00+00:00,74.493,75.05,73.86399999999999,74.41199999999999,133631
2026-03-26T15:00:00+00:00,74.41199999999999,74.597,73.624,73.75699999999999,110647
2026-03-26T16:00:00+00:00,73.75699999999999,73.865,72.345,72.999,98819
2026-03-26T17:00:00+00:00,72.999,73.481,72.416,72.539,73674
2026-03-26T18:00:00+00:00,72.539,73.044,71.951,72.89,67719
2026-03-26T19:00:00+00:00,72.89,73.182,72.211,72.404,59061
2026-03-26T20:00:00+00:00,72.404,74.366,72.279,73.335,83323
2026-03-26T22:00:00+00:00,73.335,75.154,73.335,74.991,20906.052116719155
2026-03-26T23:00:00+00:00,74.991,75.115,74.475,74.764,21986
2026-03-27T00:00:00+00:00,74.764,75.223,73.506,73.679,43112
2026-03-27T01:00:00+00:00,73.679,74.82000000000001,73.529,74.745,75959
2026-03-27T02:00:00+00:00,74.745,75.225,74.646,74.718,53783
2026-03-27T03:00:00+00:00,74.718,75.694,74.498,75.508,39530
2026-03-27T04:00:00+00:00,75.508,75.871,75.289,75.779,14929
2026-03-27T05:00:00+00:00,75.779,76.484,75.601,75.608,52463
2026-03-27T06:00:00+00:00,75.608,76.261,75.488,75.932,54646
2026-03-27T07:00:00+00:00,75.932,76.017,75.6,75.668,30447
2026-03-27T08:00:00+00:00,75.668,75.723,74.877,74.878,48573
2026-03-27T09:00:00+00:00,74.878,75.251,74.674,74.694,39162
2026-03-27T10:00:00+00:00,74.694,75.01,74.20700000000001,74.266,36933
2026-03-27T11:00:00+00:00,74.266,74.489,73.805,73.95100000000001,38543
2026-03-27T12:00:00+00:00,73.95100000000001,74.294,73.616,74.115,53383
2026-03-27T13:00:00+00:00,74.115,74.717,73.652,74.08500000000001,116311
2026-03-27T14:00:00+00:00,74.08500000000001,76.714,74.047,76.47,121748
2026-03-27T15:00:00+00:00,76.47,77.788,76.325,76.905,143324
2026-03-27T16:00:00+00:00,76.905,77.11,76.241,76.508,87141
2026-03-27T17:00:00+00:00,76.508,76.764,75.54,75.668,71046
2026-03-27T18:00:00+00:00,75.668,76.688,75.657,76.339,50368
2026-03-27T19:00:00+00:00,76.339,76.584,75.743,76.161,48629
2026-03-27T20:00:00+00:00,76.161,76.262,75.944,76.069,15479
2026-03-29T22:00:00+00:00,76.069,76.334,73.936,74.56700000000001,41797.706698646565
2026-03-29T23:00:00+00:00,74.56700000000001,74.774,73.58300000000001,74.022,54152
2026-03-30T00:00:00+00:00,74.022,74.88100000000001,73.665,74.278,106129
2026-03-30T01:00:00+00:00,74.278,75.26200000000001,74.14800000000001,74.74100000000001,105315
2026-03-30T02:00:00+00:00,74.74100000000001,75.33900000000001,74.43700000000001,75.054,59656
2026-03-30T03:00:00+00:00,75.054,76.554,74.99900000000001,75.75800000000001,48237
2026-03-30T04:00:00+00:00,75.75800000000001,76.087,75.63300000000001,76.04400000000001,26099
2026-03-30T05:00:00+00:00,76.04400000000001,76.798,75.95500000000001,76.48500000000001,46441
2026-03-30T06:00:00+00:00,76.48500000000001,76.9,76.296,76.33500000000001,61495
2026-03-30T07:00:00+00:00,76.33500000000001,76.48100000000001,75.918,76.47900000000001,42978
2026-03-30T08:00:00+00:00,76.47900000000001,77.01100000000001,76.188,76.80600000000001,38233
2026-03-30T09:00:00+00:00,76.80600000000001,77.152,76.501,76.989,38614
2026-03-30T10:00:00+00:00,76.989,77.00200000000001,76.57600000000001,76.652,26494
2026-03-30T11:00:00+00:00,76.652,77.5653,76.51400000000001,77.2093,65825.03187368996
2026-03-30T12:00:00+00:00,77.2093,77.5453,76.8093,77.2593,56431
2026-03-30T13:00:00+00:00,77.2593,77.81129999999999,75.9343,76.16329999999999,161353
2026-03-30T14:00:00+00:00,76.16329999999999,76.90629999999999,76.14129999999999,76.8733,133766
2026-03-30T15:00:00+00:00,76.8733,77.18329999999999,76.56129999999999,76.93029999999999,101555
2026-03-30T16:00:00+00:00,76.93029999999999,76.9563,76.44529999999999,76.48729999999999,48617
2026-03-30T17:00:00+00:00,76.48729999999999,76.6853,76.1903,76.3513,69060
2026-03-30T18:00:00+00:00,76.3513,76.50829999999999,75.8013,75.82929999999999,38376
2026-03-30T19:00:00+00:00,75.82929999999999,76.28229999999999,75.5363,76.09129999999999,57234
2026-03-30T20:00:00+00:00,76.09129999999999,76.15429999999999,75.8033,75.9803,10352
2026-03-30T22:00:00+00:00,75.9803,76.7063,75.9803,76.2303,12555.718216691334
2026-03-30T23:00:00+00:00,76.2303,76.3343,75.82929999999999,76.21929999999999,18892
2026-03-31T00:00:00+00:00,76.21929999999999,77.0123,75.3033,76.9353,77253
2026-03-31T01:00:00+00:00,76.9353,79.83529999999999,76.70729999999999,79.18329999999999,116898
2026-03-31T02:00:00+00:00,79.18329999999999,79.2153,78.11829999999999,78.2093,70949
2026-03-31T03:00:00+00:00,78.2093,78.7053,78.14229999999999,78.2713,40726
2026-03-31T04:00:00+00:00,78.2713,78.58529999999999,78.24029999999999,78.4973,19875
2026-03-31T05:00:00+00:00,78.4973,78.8123,77.83829999999999,78.4263,47643
2026-03-31T06:00:00+00:00,78.4263,78.48729999999999,78.05229999999999,78.3453,51210
2026-03-31T07:00:00+00:00,78.3453,79.5483,77.9143,79.3843,43540
2026-03-31T08:00:00+00:00,79.3843,79.7113,79.14829999999999,79.37729999999999,49405
2026-03-31T09:00:00+00:00,79.37729999999999,79.7833,78.9743,79.0683,40222
2026-03-31T10:00:00+00:00,79.0683,79.5563,78.5513,78.9343,43066
2026-03-31T11:00:00+00:00,78.9343,79.72529999999999,78.7773,79.43029999999999,88183
2026-03-31T12:00:00+00:00,79.43029999999999,79.8273,78.9313,79.1343,75475
2026-03-31T13:00:00+00:00,79.1343,79.84729999999999,78.8163,79.64429999999999,112616
2026-03-31T14:00:00+00:00,79.64429999999999,80.57029999999999,79.2423,79.4343,148970
2026-03-31T15:00:00+00:00,79.4343,80.3663,79.4343,79.9823,94084
2026-03-31T16:00:00+00:00,79.9823,81.35029999999999,79.92129999999999,80.8603,100997
2026-03-31T17:00:00+00:00,80.8603,81.4233,80.7273,81.1053,84375
2026-03-31T18:00:00+00:00,81.1053,81.5633,81.0923,81.2623,39457
2026-03-31T19:00:00+00:00,81.2623,81.5993,81.1083,81.5683,45963
2026-03-31T20:00:00+00:00,81.5683,81.65429999999999,81.29929999999999,81.40429999999999,12980
2026-03-31T22:00:00+00:00,81.40429999999999,82.51029999999999,81.40429999999999,82.13329999999998,24126.537783416286
2026-03-31T23:00:00+00:00,82.13329999999998,82.17429999999999,81.70129999999999,81.75329999999998,14380
2026-04-01T00:00:00+00:00,81.75329999999998,82.09929999999999,81.54229999999998,82.02429999999998,30411
2026-04-01T01:00:00+00:00,82.02429999999998,82.60029999999999,81.13429999999998,81.46329999999999,69454
2026-04-01T02:00:00+00:00,81.46329999999999,81.73329999999999,80.79729999999998,80.88529999999999,39966
2026-04-01T03:00:00+00:00,80.88529999999999,81.16829999999999,80.87429999999998,80.92029999999998,18330
2026-04-01T04:00:00+00:00,80.92029999999998,81.25629999999998,80.65129999999998,81.05429999999998,12971
2026-04-01T05:00:00+00:00,81.05429999999998,81.72429999999999,80.89129999999999,81.03129999999999,24300
2026-04-01T06:00:00+00:00,81.03129999999999,82.27829999999999,80.98729999999998,82.21929999999999,43387
2026-04-01T07:00:00+00:00,82.21929999999999,82.25729999999999,80.78629999999998,80.87829999999998,32389
2026-04-01T08:00:00+00:00,80.87829999999998,81.56529999999998,80.82129999999998,81.31429999999999,35345
2026-04-01T09:00:00+00:00,81.31429999999999,81.51529999999998,81.03029999999998,81.35229999999999,27193
2026-04-01T10:00:00+00:00,81.35229999999999,81.86629999999998,81.19529999999999,81.76929999999999,24913
2026-04-01T11:00:00+00:00,81.76929999999999,82.35929999999998,81.66929999999998,82.04729999999998,29887
2026-04-01T12:00:00+00:00,82.04729999999998,82.53429999999999,81.52029999999998,81.55729999999998,63484
2026-04-01T13:00:00+00:00,81.55729999999998,82.31229999999998,81.28729999999999,81.60129999999998,118644
2026-04-01T14:00:00+00:00,81.60129999999998,82.39629999999998,81.30829999999999,82.26529999999998,113772
2026-04-01T15:00:00+00:00,82.26529999999998,82.70129999999999,82.14829999999998,82.58929999999998,58101
2026-04-01T16:00:00+00:00,82.58929999999998,82.77229999999999,82.31729999999999,82.76029999999999,35870
2026-04-01T17:00:00+00:00,82.76029999999999,83.06629999999998,82.66529999999999,82.78429999999999,35266
2026-04-01T18:00:00+00:00,82.78429999999999,82.81129999999999,81.80229999999999,82.10029999999999,63379
2026-04-01T19:00:00+00:00,82.10029999999999,82.57929999999999,82.03229999999998,82.13929999999998,47462
2026-04-01T20:00:00+00:00,82.13929999999998,82.29729999999998,81.86529999999998,82.07229999999998,10347
2026-04-01T22:00:00+00:00,82.07229999999998,83.54130000000002,74.43469999999998,75.40504999999997,8817.778337085058
2026-04-01T23:00:00+00:00,75.40504999999997,75.89104999999998,75.32904999999997,75.39304999999997,14288
2026-04-02T00:00:00+00:00,75.39304999999997,75.94904999999997,75.30704999999998,75.61204999999997,34721
2026-04-02T01:00:00+00:00,75.61204999999997,75.71504999999998,72.39104999999998,73.07004999999997,160930
2026-04-02T02:00:00+00:00,73.07004999999997,73.21504999999998,71.61004999999997,72.34004999999998,82559
2026-04-02T03:00:00+00:00,72.34004999999998,72.51704999999997,72.01904999999998,72.23304999999998,44211
2026-04-02T04:00:00+00:00,72.23304999999998,72.33904999999997,71.65204999999997,72.07404999999997,28913
2026-04-02T05:00:00+00:00,72.07404999999997,72.15604999999998,70.32904999999997,70.79904999999998,65629
2026-04-02T06:00:00+00:00,70.79904999999998,70.94304999999997,69.71304999999997,70.73504999999997,86920
2026-04-02T07:00:00+00:00,70.73504999999997,71.66304999999997,70.66004999999997,71.65604999999998,41056
2026-04-02T08:00:00+00:00,71.65604999999998,71.86904999999997,71.25704999999998,71.28504999999997,45904
2026-04-02T09:00:00+00:00,71.28504999999997,71.62304999999998,71.08704999999998,71.11004999999997,32532
2026-04-02T10:00:00+00:00,71.11004999999997,71.39004999999997,70.64404999999998,70.98104999999997,32334
2026-04-02T11:00:00+00:00,70.98104999999997,71.32504999999998,70.33204999999997,70.69804999999997,46294
2026-04-02T12:00:00+00:00,70.69804999999997,71.07804999999998,70.14604999999997,70.20104999999997,46751
2026-04-02T13:00:00+00:00,70.20104999999997,71.57504999999998,69.62104999999997,71.49504999999998,122169
2026-04-02T14:00:00+00:00,71.49504999999998,73.28204999999997,71.18604999999997,72.76404999999997,157824
2026-04-02T15:00:00+00:00,72.76404999999997,72.82654999999995,71.71654999999996,72.01954999999997,112212.8869729899
2026-04-02T16:00:00+00:00,72.01954999999997,72.80154999999996,71.75754999999997,72.43454999999996,71284
2026-04-02T17:00:00+00:00,72.43454999999996,72.99554999999997,72.29854999999996,72.37054999999997,56556
2026-04-02T18:00:00+00:00,72.37054999999997,72.88854999999997,72.36254999999996,72.79954999999995,43462
2026-04-02T19:00:00+00:00,72.79954999999995,73.04454999999996,72.45454999999995,72.72054999999996,41549
2026-04-02T20:00:00+00:00,72.72054999999996,73.10854999999997,72.68154999999996,73.03154999999997,12550
2026-04-03T11:00:00+00:00,72.802,72.812,72.802,72.812,3
2026-04-05T22:00:00+00:00,72.812,73.43299999999999,71.331,72.287,36719.59395335677
2026-04-05T23:00:00+00:00,72.287,72.486,71.763,71.882,18834
2026-04-06T00:00:00+00:00,71.882,72.748,71.825,72.487,37479
2026-04-06T01:00:00+00:00,72.487,72.744,72.051,72.16,27719
2026-04-06T02:00:00+00:00,72.16,73.413,71.977,72.58200000000001,33510
2026-04-06T03:00:00+00:00,72.58200000000001,72.58800000000001,71.95,72.20400000000001,24556
2026-04-06T04:00:00+00:00,72.20400000000001,72.69,72.191,72.678,13728
2026-04-06T05:00:00+00:00,72.678,73.022,72.417,72.425,15897
2026-04-06T06:00:00+00:00,72.425,72.75,72.151,72.732,23437
2026-04-06T07:00:00+00:00,72.732,72.878,71.96000000000001,72.732,29144
2026-04-06T08:00:00+00:00,72.732,73.443,72.67,73.384,26929
2026-04-06T09:00:00+00:00,73.384,73.815,73.237,73.302,26232
2026-04-06T10:00:00+00:00,73.302,73.589,73.177,73.496,26175
2026-04-06T11:00:00+00:00,73.496,73.807,73.368,73.507,23043
2026-04-06T12:00:00+00:00,73.507,73.812,73.07600000000001,73.32600000000001,25167
2026-04-06T13:00:00+00:00,73.32600000000001,73.422,72.503,72.94,62993
2026-04-06T14:00:00+00:00,72.94,73.347,72.43,73.05,96284
2026-04-06T15:00:00+00:00,73.05,73.083,72.291,72.872,58467
2026-04-06T16:00:00+00:00,72.872,73.107,72.81400000000001,72.841,36044
2026-04-06T17:00:00+00:00,72.841,73.417,72.417,72.931,43996
2026-04-06T18:00:00+00:00,72.931,73.486,72.804,73.414,38635
2026-04-06T19:00:00+00:00,73.414,73.489,73.166,73.275,26183
2026-04-06T20:00:00+00:00,73.275,73.31900000000002,72.99700000000001,73.02600000000001,7837.957683994995
2026-04-06T22:00:00+00:00,73.02600000000001,74.20100000000001,73.02600000000001,73.69800000000001,12902.961080504709
2026-04-06T23:00:00+00:00,73.69800000000001,73.83900000000001,73.45200000000001,73.62100000000001,7211
2026-04-07T00:00:00+00:00,73.62100000000001,73.82700000000001,73.29400000000001,73.31000000000002,22181
2026-04-07T01:00:00+00:00,73.31000000000002,73.87500000000001,72.29700000000001,72.83300000000001,103416
2026-04-07T02:00:00+00:00,72.83300000000001,73.4,72.522,73.30300000000001,50861
2026-04-07T03:00:00+00:00,73.30300000000001,73.48,72.855,73.43,31414
2026-04-07T04:00:00+00:00,73.43,74.14200000000001,73.27600000000001,73.846,14803
2026-04-07T05:00:00+00:00,73.846,73.87100000000001,72.50600000000001,73.00000000000001,38642
2026-04-07T06:00:00+00:00,73.00000000000001,73.23400000000001,72.89000000000001,73.01100000000001,37284
2026-04-07T07:00:00+00:00,73.01100000000001,73.263,72.602,73.001,24787
2026-04-07T08:00:00+00:00,73.001,73.74000000000001,72.96700000000001,73.60600000000001,47101
2026-04-07T09:00:00+00:00,73.60600000000001,73.894,73.14000000000001,73.44000000000001,28230
2026-04-07T10:00:00+00:00,73.44000000000001,73.629,72.67300000000002,72.86200000000001,50745
2026-04-07T11:00:00+00:00,72.86200000000001,72.98200000000001,72.44900000000001,72.903,31190
2026-04-07T12:00:00+00:00,72.903,73.19900000000001,72.20400000000001,72.623,42984
2026-04-07T13:00:00+00:00,72.623,73.05900000000001,71.95200000000001,72.00000000000001,95053
2026-04-07T14:00:00+00:00,72.00000000000001,72.025,70.54,71.32600000000001,112842
2026-04-07T15:00:00+00:00,71.32600000000001,72.21200000000002,71.09700000000001,72.186,79918
2026-04-07T16:00:00+00:00,72.186,72.55900000000001,72.08400000000002,72.31700000000001,65202
2026-04-07T17:00:00+00:00,72.31700000000001,73.14200000000001,72.29700000000001,72.82900000000001,49612
2026-04-07T18:00:00+00:00,72.82900000000001,72.96300000000001,72.03600000000002,72.09700000000001,38926
2026-04-07T19:00:00+00:00,72.09700000000001,73.82800000000002,72.028,73.59,103391
2026-04-07T20:00:00+00:00,73.59,73.99400000000001,73.46700000000001,73.727,37242
2026-04-07T22:00:00+00:00,73.727,77.79300000000002,73.727,77.77000000000002,64969.77345378735
2026-04-07T23:00:00+00:00,77.77000000000002,78.37500000000001,77.44300000000001,78.01200000000001,65196
2026-04-08T00:00:00+00:00,78.01200000000001,78.64100000000002,77.46800000000002,78.10500000000002,75029
2026-04-08T01:00:00+00:00,78.10500000000002,78.46100000000001,77.44100000000002,77.98900000000002,76337
2026-04-08T02:00:00+00:00,77.98900000000002,78.18900000000002,77.72200000000002,77.84900000000002,26476
2026-04-08T03:00:00+00:00,77.84900000000002,77.87800000000001,77.55100000000002,77.73600000000002,16198
2026-04-08T04:00:00+00:00,77.73600000000002,78.13700000000001,77.73600000000002,78.10200000000002,14801
2026-04-08T05:00:00+00:00,78.10200000000002,78.93100000000001,77.99900000000002,78.70400000000002,24824
2026-04-08T06:00:00+00:00,78.70400000000002,79.10100000000001,78.63100000000001,78.65500000000002,36422
2026-04-08T07:00:00+00:00,78.65500000000002,78.81800000000001,78.42400000000002,78.45900000000002,28297
2026-04-08T08:00:00+00:00,78.45900000000002,78.52800000000002,78.00700000000002,78.36700000000002,31797
2026-04-08T09:00:00+00:00,78.36700000000002,78.66000000000003,78.07200000000002,78.15600000000002,20607
2026-04-08T10:00:00+00:00,78.15600000000002,78.45200000000001,78.05200000000002,78.24700000000001,16554
2026-04-08T11:00:00+00:00,78.24700000000001,78.96300000000002,78.13800000000002,78.70900000000002,36027
2026-04-08T12:00:00+00:00,78.70900000000002,78.98000000000002,77.89000000000001,78.87600000000002,54361
2026-04-08T13:00:00+00:00,78.87600000000002,79.14600000000002,77.73500000000001,77.92600000000002,105313
2026-04-08T14:00:00+00:00,77.92600000000002,78.19800000000002,76.15300000000002,76.30800000000002,138524
2026-04-08T15:00:00+00:00,76.30800000000002,77.12900000000002,76.25200000000002,76.97300000000001,51762
2026-04-08T16:00:00+00:00,76.97300000000001,77.23700000000002,76.64000000000001,76.99000000000002,47486
2026-04-08T17:00:00+00:00,76.99000000000002,77.00300000000001,76.60400000000001,76.63800000000002,47402
2026-04-08T18:00:00+00:00,76.63800000000002,76.84700000000002,75.03100000000002,75.07100000000001,77564
2026-04-08T19:00:00+00:00,75.07100000000001,76.02400000000002,74.92800000000001,76.01800000000001,49083
2026-04-08T20:00:00+00:00,76.01800000000001,76.10600000000002,75.49300000000002,75.52300000000002,8809
2026-04-08T22:00:00+00:00,75.52300000000002,76.33900000000001,75.52300000000002,76.19300000000001,18689.111089519367
2026-04-08T23:00:00+00:00,76.19300000000001,76.19300000000001,75.56500000000001,75.802,14441.007042700337
2026-04-09T00:00:00+00:00,75.802,76.07300000000001,75.43700000000001,75.59000000000002,33300
2026-04-09T01:00:00+00:00,75.59000000000002,75.96500000000002,74.912,75.90800000000002,60549
2026-04-09T02:00:00+00:00,75.90800000000002,76.55700000000002,75.77700000000002,75.83100000000002,28109
2026-04-09T03:00:00+00:00,75.83100000000002,76.11400000000002,75.71000000000001,76.052,19323
2026-04-09T04:00:00+00:00,76.052,76.29800000000002,75.96200000000002,76.12100000000001,10721
2026-04-09T05:00:00+00:00,76.12100000000001,76.24500000000002,75.781,76.00800000000001,22819
2026-04-09T06:00:00+00:00,76.00800000000001,76.19700000000002,75.772,76.01900000000002,26659
2026-04-09T07:00:00+00:00,76.01900000000002,76.35100000000001,75.662,76.153,36431
2026-04-09T08:00:00+00:00,76.153,76.34600000000002,75.903,76.12900000000002,23573
2026-04-09T09:00:00+00:00,76.12900000000002,76.305,75.88100000000001,76.10500000000002,17852
2026-04-09T10:00:00+00:00,76.10500000000002,76.31000000000002,75.91600000000001,76.10300000000001,23793
2026-04-09T11:00:00+00:00,76.10300000000001,76.662,76.10100000000001,76.63600000000001,24842
2026-04-09T12:00:00+00:00,76.63600000000001,76.805,76.156,76.46900000000001,35235
2026-04-09T13:00:00+00:00,76.46900000000001,77.42000000000002,76.25700000000002,77.07800000000002,100055
2026-04-09T14:00:00+00:00,77.07800000000002,77.37600000000002,76.26300000000002,76.90400000000001,109276
2026-04-09T15:00:00+00:00,76.90400000000001,78.06700000000001,76.68800000000002,77.87200000000001,116455
2026-04-09T16:00:00+00:00,77.87200000000001,78.32500000000002,77.86400000000002,78.02000000000001,82478
2026-04-09T17:00:00+00:00,78.02000000000001,78.83000000000001,78.01500000000001,78.53500000000001,53655
2026-04-09T18:00:00+00:00,78.53500000000001,78.55600000000001,77.69100000000002,77.81400000000001,85968
2026-04-09T19:00:00+00:00,77.81400000000001,78.10500000000002,77.58200000000001,77.62800000000001,53704
2026-04-09T20:00:00+00:00,77.62800000000001,77.78000000000002,77.26300000000002,77.39100000000002,10303
2026-04-09T22:00:00+00:00,77.39100000000002,78.43600000000002,77.39100000000002,78.14600000000002,12879.270362042858
2026-04-09T23:00:00+00:00,78.14600000000002,78.23800000000001,77.96100000000001,78.18600000000002,8658
2026-04-10T00:00:00+00:00,78.18600000000002,78.25600000000001,77.71400000000001,78.19800000000002,21250
2026-04-10T01:00:00+00:00,78.19800000000002,78.66700000000002,78.19200000000002,78.32800000000002,41725
2026-04-10T02:00:00+00:00,78.32800000000002,78.44000000000001,77.69700000000002,78.38900000000001,33350
2026-04-10T03:00:00+00:00,78.38900000000001,78.79800000000002,78.38900000000001,78.69200000000002,23070
2026-04-10T04:00:00+00:00,78.69200000000002,78.77000000000001,78.54300000000002,78.59500000000001,9955
2026-04-10T05:00:00+00:00,78.59500000000001,79.00500000000001,78.58600000000001,78.75700000000002,17027
2026-04-10T06:00:00+00:00,78.75700000000002,78.75700000000002,78.10600000000002,78.14900000000002,34289
2026-04-10T07:00:00+00:00,78.14900000000002,78.48900000000002,78.04300000000002,78.15700000000001,24571
2026-04-10T08:00:00+00:00,78.15700000000001,78.29200000000002,77.60100000000001,77.70200000000001,28210
2026-04-10T09:00:00+00:00,77.70200000000001,78.34900000000002,77.70200000000001,78.21100000000001,31488
2026-04-10T10:00:00+00:00,78.21100000000001,78.41600000000001,77.95800000000001,78.36100000000002,15591
2026-04-10T11:00:00+00:00,78.36100000000002,78.57800000000002,78.20100000000002,78.42800000000001,13507
2026-04-10T12:00:00+00:00,78.42800000000001,78.90400000000001,78.28200000000001,78.67200000000001,40389
2026-04-10T13:00:00+00:00,78.67200000000001,79.34500000000001,78.55500000000002,79.07100000000001,82584
2026-04-10T14:00:00+00:00,79.07100000000001,79.61900000000001,78.78400000000002,79.06600000000002,79873
2026-04-10T15:00:00+00:00,79.06600000000002,79.45700000000002,78.57600000000002,78.73500000000001,73795
2026-04-10T16:00:00+00:00,78.73500000000001,79.01800000000001,78.49700000000001,78.97600000000001,62517
2026-04-10T17:00:00+00:00,78.97600000000001,79.15700000000001,78.81800000000001,78.968,37485.46574814065
2026-04-10T18:00:00+00:00,78.968,79.27600000000001,78.751,79.177,33319
2026-04-10T19:00:00+00:00,79.177,79.28,79.04,79.13300000000001,32701
2026-04-10T20:00:00+00:00,79.13300000000001,79.167,78.792,78.97900000000001,3266
2026-04-12T22:00:00+00:00,78.97900000000001,78.97900000000001,73.589,74.517,34976.023776223774
2026-04-12T23:00:00+00:00,74.517,74.934,73.824,74.789,19998
2026-04-13T00:00:00+00:00,74.789,75.639,74.679,75.492,33541
2026-04-13T01:00:00+00:00,75.492,75.778,75.21300000000001,75.375,60580
2026-04-13T02:00:00+00:00,75.375,75.532,75.023,75.34400000000001,30048
2026-04-13T03:00:00+00:00,75.34400000000001,75.656,75.111,75.458,18537
2026-04-13T04:00:00+00:00,75.458,75.543,75.194,75.504,11458
2026-04-13T05:00:00+00:00,75.504,75.727,75.244,75.71900000000001,20553
2026-04-13T06:00:00+00:00,75.71900000000001,75.76,75.388,75.477,26943
2026-04-13T07:00:00+00:00,75.477,75.854,75.36500000000001,75.764,29099
2026-04-13T08:00:00+00:00,75.764,75.927,75.393,75.41,26024
2026-04-13T09:00:00+00:00,75.41,75.554,75.265,75.378,20520
2026-04-13T10:00:00+00:00,75.378,75.441,75.137,75.411,14554
2026-04-13T11:00:00+00:00,75.411,75.558,75.001,75.056,29773
2026-04-13T12:00:00+00:00,75.056,75.33500000000001,74.676,74.94500000000001,31612
2026-04-13T13:00:00+00:00,74.94500000000001,75.5,74.59100000000001,75.259,87470
2026-04-13T14:00:00+00:00,75.259,75.349,74.813,75.124,100316
2026-04-13T15:00:00+00:00,75.124,75.244,74.74000000000001,75.148,80196
2026-04-13T16:00:00+00:00,75.148,76.891,75.055,76.382,101434
2026-04-13T17:00:00+00:00,76.382,76.645,76.194,76.224,64697
2026-04-13T18:00:00+00:00,76.224,76.614,75.923,76.513,42110
2026-04-13T19:00:00+00:00,76.513,76.665,76.33500000000001,76.48100000000001,36271
2026-04-13T20:00:00+00:00,76.48100000000001,76.761,76.453,76.674,6670
2026-04-13T22:00:00+00:00,76.674,77.41300000000001,76.674,77.39200000000001,8553.185460738616
2026-04-13T23:00:00+00:00,77.39200000000001,77.519,77.21600000000001,77.278,12915
2026-04-14T00:00:00+00:00,77.278,77.81700000000001,76.956,77.537,24834
2026-04-14T01:00:00+00:00,77.537,78.015,77.312,77.411,50379
2026-04-14T02:00:00+00:00,77.411,78.382,77.39,78.305,27075
2026-04-14T03:00:00+00:00,78.305,78.626,78.178,78.53500000000001,19581
2026-04-14T04:00:00+00:00,78.53500000000001,78.784,78.441,78.75,9871
2026-04-14T05:00:00+00:00,78.75,78.93,78.086,78.284,24434
2026-04-14T06:00:00+00:00,78.284,79.08500000000001,78.26400000000001,79.08,29922
2026-04-14T07:00:00+00:00,79.08,79.53200000000001,78.97800000000001,79.31700000000001,44224
2026-04-14T08:00:00+00:00,79.31700000000001,79.68900000000001,79.126,79.686,27675
2026-04-14T09:00:00+00:00,79.686,79.721,79.209,79.352,21144
2026-04-14T10:00:00+00:00,79.352,79.516,78.918,79.09100000000001,26256
2026-04-14T11:00:00+00:00,79.09100000000001,79.408,78.87400000000001,79.122,28108
2026-04-14T12:00:00+00:00,79.122,79.364,78.75200000000001,79.075,44404
2026-04-14T13:00:00+00:00,79.075,80.049,79.027,79.87400000000001,113552
2026-04-14T14:00:00+00:00,79.87400000000001,81.056,79.872,80.664,128870
2026-04-14T15:00:00+00:00,80.664,81.015,80.165,80.715,99967
2026-04-14T16:00:00+00:00,80.715,81.187,80.60900000000001,80.637,59151
2026-04-14T17:00:00+00:00,80.637,81.31400000000001,80.60900000000001,80.91900000000001,63128
2026-04-14T18:00:00+00:00,80.91900000000001,81,80.49900000000001,80.816,59339
2026-04-14T19:00:00+00:00,80.816,81.257,80.768,81.137,46900
2026-04-14T20:00:00+00:00,81.137,81.277,81.03200000000001,81.03200000000001,8043
2026-04-14T22:00:00+00:00,81.03200000000001,81.425,81.03200000000001,81.087,15813.122855535765
2026-04-14T23:00:00+00:00,81.087,81.489,81.063,81.224,14967
2026-04-15T00:00:00+00:00,81.224,81.43900000000001,81.033,81.413,19368
2026-04-15T01:00:00+00:00,81.413,82.627,81.087,82.258,61902
2026-04-15T02:00:00+00:00,82.258,82.761,81.58,81.662,44941
2026-04-15T03:00:00+00:00,81.662,81.935,81.499,81.625,28638
2026-04-15T04:00:00+00:00,81.625,81.74,81.43,81.583,11207
2026-04-15T05:00:00+00:00,81.583,81.719,80.764,81.187,36477
2026-04-15T06:00:00+00:00,81.187,81.387,80.901,80.956,43815
2026-04-15T07:00:00+00:00,80.956,81.296,80.799,80.94800000000001,41768
2026-04-15T08:00:00+00:00,80.94800000000001,81.197,80.749,81.029,29385
2026-04-15T09:00:00+00:00,81.029,81.188,79.978,80.219,46920
2026-04-15T10:00:00+00:00,80.219,80.727,80.1,80.542,44532
2026-04-15T11:00:00+00:00,80.542,80.993,80.269,80.789,31481
2026-04-15T12:00:00+00:00,80.789,80.95,80.306,80.361,36939
2026-04-15T13:00:00+00:00,80.361,81.774,80.353,81.772,117342
2026-04-15T14:00:00+00:00,81.772,82.365,81.62,81.761,124971
2026-04-15T15:00:00+00:00,81.761,81.82000000000001,80.551,81.061,111630
2026-04-15T16:00:00+00:00,81.061,81.501,80.834,81.032,88275
2026-04-15T17:00:00+00:00,81.032,81.31,80.775,80.82600000000001,67789
2026-04-15T18:00:00+00:00,80.82600000000001,81.227,80.746,81.043,63678
2026-04-15T19:00:00+00:00,81.043,81.296,80.955,81.116,53705
2026-04-15T20:00:00+00:00,81.116,81.18,80.626,80.721,12329
2026-04-15T22:00:00+00:00,80.721,81.811,80.721,81.756,10604.353190509099
2026-04-15T23:00:00+00:00,81.756,81.9725,81.739,81.87049999999999,8376.81648583632
2026-04-16T00:00:00+00:00,81.87049999999999,82.7675,81.87049999999999,82.53049999999999,17776
2026-04-16T01:00:00+00:00,82.53049999999999,82.9995,82.3175,82.4845,45710
2026-04-16T02:00:00+00:00,82.4845,82.8545,82.3245,82.7725,31967
2026-04-16T03:00:00+00:00,82.7725,82.99849999999999,82.6725,82.7615,18496
2026-04-16T04:00:00+00:00,82.7615,83.0615,82.6905,83.05149999999999,10103
2026-04-16T05:00:00+00:00,83.05149999999999,83.2615,82.6955,82.79249999999999,26997
2026-04-16T06:00:00+00:00,82.79249999999999,83.0205,82.57849999999999,82.7055,36912
2026-04-16T07:00:00+00:00,82.7055,82.8235,82.4015,82.4755,31049
2026-04-16T08:00:00+00:00,82.4755,82.5345,82.0325,82.1595,31933
2026-04-16T09:00:00+00:00,82.1595,82.2635,81.8325,81.93849999999999,22324
2026-04-16T10:00:00+00:00,81.93849999999999,82.20649999999999,81.79249999999999,82.1785,18707
2026-04-16T11:00:00+00:00,82.1785,82.2085,81.81349999999999,82.06649999999999,22802
2026-04-16T12:00:00+00:00,82.06649999999999,82.1185,81.39349999999999,81.63749999999999,32809
2026-04-16T13:00:00+00:00,81.63749999999999,82.2965,80.6565,81.0885,116384
2026-04-16T14:00:00+00:00,81.0885,81.3005,80.45049999999999,80.9095,176749
2026-04-16T15:00:00+00:00,80.9095,81.55749999999999,80.89649999999999,81.3145,117826
2026-04-16T16:00:00+00:00,81.3145,81.42649999999999,80.6895,81.0015,86184
2026-04-16T17:00:00+00:00,81.0015,81.20949999999999,80.5675,80.7045,81798
2026-04-16T18:00:00+00:00,80.7045,81.0325,80.6575,80.91749999999999,73765
2026-04-16T19:00:00+00:00,80.91749999999999,81.31949999999999,80.91749999999999,81.10849999999999,51903
2026-04-16T20:00:00+00:00,81.10849999999999,81.1395,80.7695,80.7825,7927
2026-04-16T22:00:00+00:00,80.7825,81.47949999999999,80.6245,81.4125,10257.589881341679
2026-04-16T23:00:00+00:00,81.4125,81.45149999999998,81.28249999999998,81.29149999999998,7652
2026-04-17T00:00:00+00:00,81.29149999999998,81.48849999999999,81.06249999999999,81.33349999999999,18699
2026-04-17T01:00:00+00:00,81.33349999999999,81.38949999999998,80.35749999999999,81.03049999999999,58220
2026-04-17T02:00:00+00:00,81.03049999999999,81.19149999999999,80.84549999999999,80.89649999999999,26801
2026-04-17T03:00:00+00:00,80.89649999999999,81.89349999999999,80.89549999999998,81.49449999999999,22848
2026-04-17T04:00:00+00:00,81.49449999999999,81.85549999999999,81.46249999999999,81.72549999999998,10524
2026-04-17T05:00:00+00:00,81.72549999999998,81.7935,81.47649999999999,81.5195,23846
2026-04-17T06:00:00+00:00,81.5195,81.6295,81.09449999999998,81.2695,31618
2026-04-17T07:00:00+00:00,81.2695,81.5525,81.20849999999999,81.52949999999998,19793
2026-04-17T08:00:00+00:00,81.52949999999998,82.10749999999999,81.52349999999998,82.10549999999999,19811
2026-04-17T09:00:00+00:00,82.10549999999999,82.5075,82.09149999999998,82.18449999999999,19005
2026-04-17T10:00:00+00:00,82.18449999999999,82.19649999999999,81.79549999999999,81.90549999999999,17289
2026-04-17T11:00:00+00:00,81.90549999999999,82.26549999999999,81.68149999999999,82.24749999999999,21847
2026-04-17T12:00:00+00:00,82.24749999999999,84.21949999999998,82.20749999999998,84.1475,73038
2026-04-17T13:00:00+00:00,84.1475,85.09449999999998,83.66949999999999,84.95749999999998,171345
2026-04-17T14:00:00+00:00,84.95749999999998,85.74449999999999,84.58049999999999,85.29749999999999,139012
2026-04-17T15:00:00+00:00,85.29749999999999,85.58349999999999,84.62049999999999,84.86849999999998,121985
2026-04-17T16:00:00+00:00,84.86849999999998,85.2665,84.72849999999998,84.8235,79315
2026-04-17T17:00:00+00:00,84.8235,84.9395,83.94649999999999,84.39849999999998,100230
2026-04-17T18:00:00+00:00,84.39849999999998,84.65849999999999,84.0435,84.11649999999999,79434
2026-04-17T19:00:00+00:00,84.11649999999999,84.14249999999998,83.70249999999999,83.94949999999999,72682
2026-04-17T20:00:00+00:00,83.94949999999999,83.98449999999998,83.57149999999999,83.58549999999998,6893
2026-04-19T22:00:00+00:00,83.58549999999998,84.14249999999997,81.90549999999998,82.47449999999998,38887.98904447508
2026-04-19T23:00:00+00:00,82.47449999999998,82.54249999999998,81.52849999999997,81.87949999999998,32297
2026-04-20T00:00:00+00:00,81.87949999999998,82.79049999999997,81.55049999999997,82.75949999999997,39269
2026-04-20T01:00:00+00:00,82.75949999999997,83.58149999999998,82.62849999999997,83.45749999999997,53579
2026-04-20T02:00:00+00:00,83.45749999999997,83.55649999999997,83.03449999999997,83.16749999999998,31669
2026-04-20T03:00:00+00:00,83.16749999999998,83.22049999999997,82.85549999999998,82.85849999999998,20938
2026-04-20T04:00:00+00:00,82.85849999999998,83.00549999999997,82.56949999999998,82.73449999999997,12763
2026-04-20T05:00:00+00:00,82.73449999999997,82.81449999999997,82.19049999999997,82.56349999999998,36508
2026-04-20T06:00:00+00:00,82.56349999999998,82.78749999999997,82.41649999999997,82.70749999999997,38547
2026-04-20T07:00:00+00:00,82.70749999999997,83.04949999999997,82.17049999999998,82.32049999999997,41187
2026-04-20T08:00:00+00:00,82.32049999999997,82.44649999999997,82.13649999999997,82.37949999999998,25765
2026-04-20T09:00:00+00:00,82.37949999999998,82.63249999999998,82.08749999999998,82.16749999999998,23738
2026-04-20T10:00:00+00:00,82.16749999999998,82.61049999999997,82.14349999999997,82.17249999999997,19939
2026-04-20T11:00:00+00:00,82.17249999999997,82.83949999999997,81.98849999999997,82.71549999999998,29197
2026-04-20T12:00:00+00:00,82.71549999999998,82.86349999999997,82.33049999999997,82.52249999999997,38657
2026-04-20T13:00:00+00:00,82.52249999999997,83.36049999999997,82.47249999999997,83.18549999999998,103202
2026-04-20T14:00:00+00:00,83.18549999999998,83.36249999999997,82.24549999999998,82.60349999999997,118677
2026-04-20T15:00:00+00:00,82.60349999999997,82.97049999999997,82.34549999999997,82.74649999999997,92723
2026-04-20T16:00:00+00:00,82.74649999999997,82.87849999999997,82.55749999999998,82.80749999999998,36337
2026-04-20T17:00:00+00:00,82.80749999999998,83.09849999999997,82.51849999999997,82.57149999999997,37400
2026-04-20T18:00:00+00:00,82.57149999999997,82.94149999999998,82.57149999999997,82.78549999999997,35539
2026-04-20T19:00:00+00:00,82.78549999999997,82.98349999999998,82.51449999999997,82.65749999999997,30771
2026-04-20T20:00:00+00:00,82.65749999999997,82.72749999999998,82.54449999999997,82.59049999999998,7326
2026-04-20T22:00:00+00:00,82.59049999999998,83.20449999999997,82.37349999999996,82.92949999999996,15619.13399503722
2026-04-20T23:00:00+00:00,82.92949999999996,82.98749999999997,82.66549999999997,82.71749999999996,9502
2026-04-21T00:00:00+00:00,82.71749999999996,82.91549999999997,82.31849999999997,82.74949999999997,23929
2026-04-21T01:00:00+00:00,82.74949999999997,82.80749999999996,82.03149999999997,82.28249999999997,34967
2026-04-21T02:00:00+00:00,82.28249999999997,82.35249999999996,81.90849999999996,82.11649999999996,25320
2026-04-21T03:00:00+00:00,82.11649999999996,82.13149999999996,81.41249999999997,81.80649999999997,23039
2026-04-21T04:00:00+00:00,81.80649999999997,81.87049999999996,81.66449999999996,81.75949999999996,9907
2026-04-21T05:00:00+00:00,81.75949999999996,82.19949999999997,81.70349999999996,81.72049999999996,23480
2026-04-21T06:00:00+00:00,81.72049999999996,81.94049999999997,81.51449999999997,81.75849999999997,36210
2026-04-21T07:00:00+00:00,81.75849999999997,82.18749999999997,81.46249999999996,81.83649999999996,29769
2026-04-21T08:00:00+00:00,81.83649999999996,81.93349999999997,81.35849999999996,81.68849999999996,25154
2026-04-21T09:00:00+00:00,81.68849999999996,81.86749999999996,81.46949999999997,81.79749999999997,20207
2026-04-21T10:00:00+00:00,81.79749999999997,82.02249999999997,81.70949999999996,81.85649999999997,17431
2026-04-21T11:00:00+00:00,81.85649999999997,82.14949999999996,81.42049999999996,82.05249999999997,27296
2026-04-21T12:00:00+00:00,82.05249999999997,82.18349999999997,81.23549999999996,81.61749999999996,50106
2026-04-21T13:00:00+00:00,81.61749999999996,81.91649999999997,80.98249999999996,81.61049999999996,93450
2026-04-21T14:00:00+00:00,81.61049999999996,81.76049999999996,79.62349999999996,79.74749999999996,143104
2026-04-21T15:00:00+00:00,79.74749999999996,80.40249999999996,79.53549999999997,79.84349999999996,124744
2026-04-21T16:00:00+00:00,79.84349999999996,80.13749999999996,79.12149999999997,79.20049999999996,94148
2026-04-21T17:00:00+00:00,79.20049999999996,79.93649999999997,79.01449999999997,79.60449999999996,123722
2026-04-21T18:00:00+00:00,79.60449999999996,79.76349999999996,79.24249999999996,79.65049999999997,82731
2026-04-21T19:00:00+00:00,79.65049999999997,79.97249999999997,78.35649999999997,78.53649999999996,128819
2026-04-21T20:00:00+00:00,78.53649999999996,79.65349999999997,78.25949999999996,79.46549999999996,49416
2026-04-21T22:00:00+00:00,79.46549999999996,80.61149999999996,79.46549999999996,80.20749999999997,16067.17548555777
2026-04-21T23:00:00+00:00,80.20749999999997,80.83549999999997,80.17149999999997,80.74649999999997,14431
2026-04-22T00:00:00+00:00,80.74649999999997,81.11749999999996,80.74649999999997,80.89449999999997,23116
2026-04-22T01:00:00+00:00,80.89449999999997,81.34549999999997,80.79949999999997,81.04849999999996,37895
2026-04-22T02:00:00+00:00,81.04849999999996,81.50349999999997,81.00549999999997,81.30949999999997,21724
2026-04-22T03:00:00+00:00,81.30949999999997,81.79349999999997,81.24049999999997,81.54149999999997,17164
2026-04-22T04:00:00+00:00,81.54149999999997,81.66949999999997,81.29649999999997,81.46649999999997,9436
2026-04-22T05:00:00+00:00,81.46649999999997,82.12549999999997,81.40249999999997,81.94749999999996,26692
2026-04-22T06:00:00+00:00,81.94749999999996,82.05449999999996,81.71949999999997,82.02449999999997,24062
2026-04-22T07:00:00+00:00,82.02449999999997,82.09849999999997,81.71949999999997,81.73449999999997,24691
2026-04-22T08:00:00+00:00,81.73449999999997,81.76549999999997,81.39349999999997,81.56749999999997,25283
2026-04-22T09:00:00+00:00,81.56749999999997,81.83549999999997,81.28149999999997,81.36049999999997,20822
2026-04-22T10:00:00+00:00,81.36049999999997,81.53549999999997,81.13149999999997,81.47749999999996,25555
2026-04-22T11:00:00+00:00,81.47749999999996,81.71249999999996,81.37649999999996,81.44749999999996,26812
2026-04-22T12:00:00+00:00,81.44749999999996,81.75649999999997,81.00349999999997,81.12449999999997,35498
2026-04-22T13:00:00+00:00,81.12449999999997,81.79649999999997,80.85149999999997,81.59349999999996,105672
2026-04-22T14:00:00+00:00,81.59349999999996,81.84649999999996,81.12649999999996,81.23249999999997,111936
2026-04-22T15:00:00+00:00,81.23249999999997,81.59649999999996,81.14349999999997,81.28749999999997,65173
2026-04-22T16:00:00+00:00,81.28749999999997,81.42049999999996,81.04049999999997,81.08249999999997,54463
2026-04-22T17:00:00+00:00,81.08249999999997,81.50749999999996,81.07649999999997,81.32049999999997,49046
2026-04-22T18:00:00+00:00,81.32049999999997,81.45349999999996,81.13449999999997,81.31649999999996,31953
2026-04-22T19:00:00+00:00,81.31649999999996,81.32549999999996,81.09649999999996,81.21349999999997,46285
2026-04-22T20:00:00+00:00,81.21349999999997,81.33149999999996,81.01449999999997,81.08749999999996,11354
2026-04-22T22:00:00+00:00,81.08749999999996,81.79949999999997,81.08749999999996,81.28649999999998,13489.592280864916
2026-04-22T23:00:00+00:00,81.28649999999998,81.38849999999998,81.19349999999999,81.31449999999998,7079.781903448276
2026-04-23T00:00:00+00:00,81.31449999999998,82.17449999999998,80.16949999999999,81.95549999999999,66324
2026-04-23T01:00:00+00:00,81.95549999999999,82.15149999999998,80.76649999999998,80.80949999999999,47046
2026-04-23T02:00:00+00:00,80.80949999999999,80.84349999999998,79.56749999999998,79.58949999999999,58226
2026-04-23T03:00:00+00:00,79.58949999999999,80.24149999999999,79.44049999999999,79.93049999999998,43594
2026-04-23T04:00:00+00:00,79.93049999999998,80.09849999999999,79.79049999999998,80.02449999999997,16808
2026-04-23T05:00:00+00:00,80.02449999999997,80.25649999999999,79.35349999999998,80.03049999999998,29060
2026-04-23T06:00:00+00:00,80.03049999999998,80.09449999999998,79.60649999999998,79.92549999999999,39531
2026-04-23T07:00:00+00:00,79.92549999999999,80.19449999999998,79.54249999999998,80.01049999999998,37385
2026-04-23T08:00:00+00:00,80.01049999999998,80.09749999999998,79.26649999999998,79.41549999999998,33758
2026-04-23T09:00:00+00:00,79.41549999999998,79.41949999999999,78.87449999999998,79.18349999999998,37563
2026-04-23T10:00:00+00:00,79.18349999999998,79.25549999999998,78.01949999999998,78.35949999999998,45001
2026-04-23T11:00:00+00:00,78.35949999999998,79.57449999999999,78.24949999999998,79.32349999999998,39775
2026-04-23T12:00:00+00:00,79.32349999999998,80.88549999999998,79.28949999999998,80.60649999999998,67282
2026-04-23T13:00:00+00:00,80.60649999999998,80.82949999999998,79.53949999999998,79.68549999999998,84046
2026-04-23T14:00:00+00:00,79.68549999999998,80.21749999999999,79.28749999999998,80.03849999999998,118926
2026-04-23T15:00:00+00:00,80.03849999999998,80.29849999999998,79.60049999999998,79.83149999999998,98380
2026-04-23T16:00:00+00:00,79.83149999999998,80.28549999999998,79.71149999999999,80.12349999999998,51417
2026-04-23T17:00:00+00:00,80.12349999999998,80.25349999999999,78.39649999999997,79.43449999999999,197646
2026-04-23T18:00:00+00:00,79.43449999999999,79.93849999999998,79.29949999999998,79.35749999999999,125984
2026-04-23T19:00:00+00:00,79.35749999999999,79.63449999999999,79.16349999999998,79.33749999999998,92397
2026-04-23T20:00:00+00:00,79.33749999999998,79.45549999999999,79.00849999999998,79.18049999999998,23591
2026-04-23T22:00:00+00:00,79.18049999999998,80.11749999999998,79.18049999999998,79.73849999999997,16098.573610455047
2026-04-23T23:00:00+00:00,79.73849999999997,80.03949999999998,79.55149999999998,79.85949999999998,13506
2026-04-24T00:00:00+00:00,79.85949999999998,80.26649999999998,79.71949999999998,80.08749999999998,31655
2026-04-24T01:00:00+00:00,80.08749999999998,80.23949999999998,79.40449999999998,79.93249999999998,50657
2026-04-24T02:00:00+00:00,79.93249999999998,79.95549999999997,79.19549999999998,79.31649999999998,39436
2026-04-24T03:00:00+00:00,79.31649999999998,79.45249999999997,79.00649999999997,79.16749999999998,29227
2026-04-24T04:00:00+00:00,79.16749999999998,79.40149999999998,79.00149999999998,79.33749999999998,18592
2026-04-24T05:00:00+00:00,79.33749999999998,79.54849999999998,79.15349999999998,79.42449999999998,24864
2026-04-24T06:00:00+00:00,79.42449999999998,79.47149999999998,78.27449999999997,78.62949999999998,47666
2026-04-24T07:00:00+00:00,78.62949999999998,79.26549999999997,78.57349999999998,79.23349999999998,28517
2026-04-24T08:00:00+00:00,79.23349999999998,79.35149999999997,78.87549999999997,79.16249999999998,29918
2026-04-24T09:00:00+00:00,79.16249999999998,79.32049999999998,78.90949999999998,79.01649999999998,30646
2026-04-24T10:00:00+00:00,79.01649999999998,79.25749999999998,78.96649999999998,79.15249999999997,24770
2026-04-24T11:00:00+00:00,79.15249999999997,80.60949999999998,79.14349999999997,80.27349999999998,75863
2026-04-24T12:00:00+00:00,80.27349999999998,80.65549999999998,79.76249999999997,79.89949999999997,50597
2026-04-24T13:00:00+00:00,79.89949999999997,80.31649999999998,79.54349999999998,80.08849999999998,101740
2026-04-24T14:00:00+00:00,80.08849999999998,80.57949999999998,79.94349999999997,80.22249999999998,142099
2026-04-24T15:00:00+00:00,80.22249999999998,81.00549999999998,79.94849999999998,80.68749999999997,108385
2026-04-24T16:00:00+00:00,80.68749999999997,80.75349999999997,80.39749999999998,80.71749999999997,78701
2026-04-24T17:00:00+00:00,80.71749999999997,81.08549999999998,80.59549999999997,80.83149999999998,68253
2026-04-24T18:00:00+00:00,80.83149999999998,80.89149999999998,80.65349999999998,80.79349999999998,57831
2026-04-24T19:00:00+00:00,80.79349999999998,80.99549999999998,80.27949999999998,80.31049999999998,57523
2026-04-24T20:00:00+00:00,80.31049999999998,80.37349999999998,80.09449999999998,80.10549999999998,6228
2026-04-26T22:00:00+00:00,80.10549999999998,80.44749999999998,79.32249999999998,79.46849999999998,22279.890760346487
2026-04-26T23:00:00+00:00,79.46849999999998,79.49049999999998,79.08049999999999,79.25549999999998,11478
2026-04-27T00:00:00+00:00,79.25549999999998,80.04249999999998,79.19849999999998,80.01149999999998,23400
2026-04-27T01:00:00+00:00,80.01149999999998,80.40749999999998,79.66049999999998,79.79549999999998,58039
2026-04-27T02:00:00+00:00,79.79549999999998,80.55849999999998,79.40349999999998,80.39349999999997,33459
2026-04-27T03:00:00+00:00,80.39349999999997,80.94449999999998,80.29449999999999,80.72549999999998,23846
2026-04-27T04:00:00+00:00,80.72549999999998,80.95149999999998,80.68249999999998,80.80849999999998,13681
2026-04-27T05:00:00+00:00,80.80849999999998,80.80949999999999,79.94849999999998,79.99049999999998,23174
2026-04-27T06:00:00+00:00,79.99049999999998,80.37049999999998,79.97749999999998,80.19249999999998,30277
2026-04-27T07:00:00+00:00,80.19249999999998,80.35749999999997,80.07549999999998,80.09149999999998,27714
2026-04-27T08:00:00+00:00,80.09149999999998,80.14649999999997,79.85449999999997,79.95349999999998,26631
2026-04-27T09:00:00+00:00,79.95349999999998,80.08549999999998,79.80049999999999,80.02249999999998,19329
2026-04-27T10:00:00+00:00,80.02249999999998,80.42149999999998,79.94449999999998,80.27049999999998,17949
2026-04-27T11:00:00+00:00,80.27049999999998,80.27249999999998,79.83549999999998,80.02749999999997,20257
2026-04-27T12:00:00+00:00,80.02749999999997,80.29449999999999,79.57049999999998,79.86049999999997,36465
2026-04-27T13:00:00+00:00,79.86049999999997,79.97149999999998,79.36649999999997,79.86349999999997,90208
2026-04-27T14:00:00+00:00,79.86349999999997,80.01949999999998,79.23049999999998,79.34049999999998,101836
2026-04-27T15:00:00+00:00,79.34049999999998,79.74749999999997,79.01349999999998,79.31749999999998,83360
2026-04-27T16:00:00+00:00,79.31749999999998,79.77949999999998,79.15549999999998,79.52649999999998,38818
2026-04-27T17:00:00+00:00,79.52649999999998,79.74149999999997,79.29349999999998,79.69449999999998,35107
2026-04-27T18:00:00+00:00,79.69449999999998,80.09849999999997,79.57049999999998,80.01549999999997,23195
2026-04-27T19:00:00+00:00,80.01549999999997,80.07249999999998,79.76649999999998,79.87449999999998,24120
2026-04-27T20:00:00+00:00,79.87449999999998,80.00549999999998,79.73449999999998,79.83049999999999,6520
2026-04-27T22:00:00+00:00,79.83049999999999,80.7515,79.83049999999999,80.73049999999999,10178.454641615877
2026-04-27T23:00:00+00:00,80.73049999999999,80.78849999999998,80.66049999999998,80.74249999999999,8055
2026-04-28T00:00:00+00:00,80.74249999999999,80.95949999999999,80.48749999999998,80.48749999999998,14350
2026-04-28T01:00:00+00:00,80.48749999999998,80.58949999999999,79.42449999999998,79.44149999999999,32292
2026-04-28T02:00:00+00:00,79.44149999999999,79.75949999999999,78.98649999999999,79.15549999999999,23981
2026-04-28T03:00:00+00:00,79.15549999999999,79.61949999999999,79.12549999999999,79.43649999999998,15603
2026-04-28T04:00:00+00:00,79.43649999999998,79.46849999999999,79.22849999999998,79.24649999999998,8874
2026-04-28T05:00:00+00:00,79.24649999999998,79.27949999999998,77.94749999999999,78.23349999999999,36476
2026-04-28T06:00:00+00:00,78.23349999999999,78.52749999999999,77.68349999999998,78.03049999999999,45447
2026-04-28T07:00:00+00:00,78.03049999999999,78.34249999999999,77.88049999999998,78.15549999999999,36881
2026-04-28T08:00:00+00:00,78.15549999999999,78.54849999999999,77.48349999999999,78.35349999999998,46903
2026-04-28T09:00:00+00:00,78.35349999999998,78.35349999999998,77.61149999999999,77.7545,33687
2026-04-28T10:00:00+00:00,77.7545,78.32349999999998,77.74649999999998,78.02849999999998,26960
2026-04-28T11:00:00+00:00,78.02849999999998,78.25549999999998,76.83549999999998,77.03049999999999,52517
2026-04-28T12:00:00+00:00,77.03049999999999,78.54949999999998,76.88949999999998,78.27449999999999,63364
2026-04-28T13:00:00+00:00,78.27449999999999,78.27449999999999,77.17749999999998,77.70249999999999,121247
2026-04-28T14:00:00+00:00,77.70249999999999,77.73649999999999,77.01749999999998,77.73249999999999,152130
2026-04-28T15:00:00+00:00,77.73249999999999,78.10249999999999,77.3825,77.99649999999998,102758
2026-04-28T16:00:00+00:00,77.99649999999998,78.22549999999998,77.71749999999999,78.00549999999998,51198
2026-04-28T17:00:00+00:00,78.00549999999998,78.39349999999999,77.77149999999999,78.05949999999999,51425
2026-04-28T18:00:00+00:00,78.05949999999999,78.34149999999998,77.94849999999998,77.95849999999999,42302
2026-04-28T19:00:00+00:00,77.95849999999999,78.21349999999998,77.88049999999998,77.95249999999999,27811
2026-04-28T20:00:00+00:00,77.95249999999999,78.1355,77.81149999999998,77.84549999999999,7670
2026-04-28T22:00:00+00:00,77.84549999999999,78.36649999999999,77.84549999999999,78.31849999999999,7571.57517420574
2026-04-28T23:00:00+00:00,78.31849999999999,78.49249999999999,78.18849999999999,78.45849999999999,11434
2026-04-29T00:00:00+00:00,78.45849999999999,79.06349999999999,78.27549999999998,78.36549999999998,23184
2026-04-29T01:00:00+00:00,78.36549999999998,78.67849999999999,77.93649999999998,78.42849999999999,51706
2026-04-29T02:00:00+00:00,78.42849999999999,78.99449999999999,78.42849999999999,78.73149999999998,35107
2026-04-29T03:00:00+00:00,78.73149999999998,79.03849999999998,78.69449999999999,78.78149999999998,19992
2026-04-29T04:00:00+00:00,78.78149999999998,79.04749999999999,78.76849999999999,78.98749999999998,11889
2026-04-29T05:00:00+00:00,78.98749999999998,79.10749999999999,78.73849999999999,78.77549999999998,18480
2026-04-29T06:00:00+00:00,78.77549999999998,79.03249999999998,78.48549999999999,78.57949999999998,28474
2026-04-29T07:00:00+00:00,78.57949999999998,78.74149999999999,78.11149999999999,78.12349999999999,39404
2026-04-29T08:00:00+00:00,78.12349999999999,78.35849999999999,77.65649999999998,77.99749999999999,42344
2026-04-29T09:00:00+00:00,77.99749999999999,78.12349999999999,77.70249999999999,77.77449999999999,33823
2026-04-29T10:00:00+00:00,77.77449999999999,78.32349999999998,77.74849999999999,78.09549999999999,22109
2026-04-29T11:00:00+00:00,78.09549999999999,78.13649999999998,77.62749999999998,77.68049999999998,27552
2026-04-29T12:00:00+00:00,77.68049999999998,77.94449999999999,77.09749999999998,77.21149999999999,38355
2026-04-29T13:00:00+00:00,77.21149999999999,77.60749999999999,76.45749999999998,76.76949999999998,103958
2026-04-29T14:00:00+00:00,76.76949999999998,77.28949999999999,76.68349999999998,77.0045,100261
2026-04-29T15:00:00+00:00,77.0045,77.19549999999998,76.59149999999998,76.67949999999999,96562
2026-04-29T16:00:00+00:00,76.67949999999999,77.07349999999998,76.62849999999999,76.64649999999999,48955
2026-04-29T17:00:00+00:00,76.64649999999999,76.95849999999999,76.48749999999998,76.59549999999999,37085
2026-04-29T18:00:00+00:00,76.59549999999999,76.77349999999998,76.01349999999998,76.64449999999998,100845
2026-04-29T19:00:00+00:00,76.64449999999998,77.01949999999998,76.59249999999999,76.85449999999999,70226
2026-04-29T20:00:00+00:00,76.85449999999999,76.93249999999999,76.39949999999999,76.47449999999999,33106
2026-04-29T22:00:00+00:00,76.47449999999999,77.05849999999998,76.47449999999999,77.02049999999998,11611.717907970477
2026-04-29T23:00:00+00:00,77.02049999999998,77.29209999999998,76.98509999999997,77.26409999999998,9339.506875910047
2026-04-30T00:00:00+00:00,77.26409999999998,77.74109999999997,77.24809999999998,77.51109999999998,27950
2026-04-30T01:00:00+00:00,77.51109999999998,78.41109999999998,77.49509999999998,78.32209999999998,39629
2026-04-30T02:00:00+00:00,78.32209999999998,78.52909999999999,77.57409999999997,77.69709999999998,30621
2026-04-30T03:00:00+00:00,77.69709999999998,77.88309999999998,77.41609999999997,77.44109999999998,20591
2026-04-30T04:00:00+00:00,77.44109999999998,77.55509999999998,77.02209999999998,77.03009999999998,23532
2026-04-30T05:00:00+00:00,77.03009999999998,77.80109999999998,77.02909999999999,77.63809999999998,24496
2026-04-30T06:00:00+00:00,77.63809999999998,78.45209999999997,77.57909999999998,78.39309999999998,36550
2026-04-30T07:00:00+00:00,78.39309999999998,78.76609999999998,78.15809999999998,78.55009999999997,33868
2026-04-30T08:00:00+00:00,78.55009999999997,79.21209999999998,78.49209999999998,78.75109999999998,42703
2026-04-30T09:00:00+00:00,78.75109999999998,79.10509999999998,78.58109999999998,78.88909999999998,35029
2026-04-30T10:00:00+00:00,78.88909999999998,79.38809999999998,78.87909999999998,79.13209999999998,41123
2026-04-30T11:00:00+00:00,79.13209999999998,79.38209999999998,78.91909999999997,79.00109999999998,44942
2026-04-30T12:00:00+00:00,79.00109999999998,79.26009999999998,78.79709999999997,78.96509999999998,38164
2026-04-30T13:00:00+00:00,78.96509999999998,79.31409999999998,78.27109999999998,78.39409999999998,96490
2026-04-30T14:00:00+00:00,78.39409999999998,78.88509999999998,78.25609999999998,78.59309999999998,139418
2026-04-30T15:00:00+00:00,78.59309999999998,78.99909999999998,78.42809999999997,78.60609999999998,100184
2026-04-30T16:00:00+00:00,78.60609999999998,78.83809999999998,78.42809999999997,78.74009999999998,46518
2026-04-30T17:00:00+00:00,78.74009999999998,79.33109999999998,78.72609999999997,79.10009999999998,48811
2026-04-30T18:00:00+00:00,79.10009999999998,79.31409999999998,78.98409999999998,79.15809999999998,29018
2026-04-30T19:00:00+00:00,79.15809999999998,79.39209999999999,78.95309999999998,79.09409999999998,33105
2026-04-30T20:00:00+00:00,79.09409999999998,79.23109999999998,79.03309999999998,79.15609999999998,13815
2026-04-30T22:00:00+00:00,79.15609999999998,80.64409999999998,79.15609999999998,80.46909999999998,12233.001504489202
2026-04-30T23:00:00+00:00,80.46909999999998,80.90009999999998,80.40409999999999,80.67109999999998,8510
2026-05-01T00:00:00+00:00,80.67109999999998,81.00709999999998,80.47009999999997,80.47909999999997,25089
2026-05-01T01:00:00+00:00,80.47909999999997,80.54609999999998,80.35409999999997,80.50709999999998,15099
2026-05-01T02:00:00+00:00,80.50709999999998,80.91709999999998,80.38309999999998,80.49909999999998,13633
2026-05-01T03:00:00+00:00,80.49909999999998,80.81109999999998,80.42909999999998,80.61809999999998,11445
2026-05-01T04:00:00+00:00,80.61809999999998,80.67809999999997,80.07509999999998,80.17509999999997,11881
2026-05-01T05:00:00+00:00,80.17509999999997,80.38009999999998,80.06909999999998,80.13109999999998,11433
2026-05-01T06:00:00+00:00,80.13109999999998,80.19709999999998,79.66709999999998,79.76509999999998,21320
2026-05-01T07:00:00+00:00,79.76509999999998,79.98509999999997,79.39409999999998,79.47909999999997,22627
2026-05-01T08:00:00+00:00,79.47909999999997,79.62909999999998,79.34309999999998,79.45909999999998,16405
2026-05-01T09:00:00+00:00,79.45909999999998,79.64109999999998,79.28609999999998,79.45409999999998,12855
2026-05-01T10:00:00+00:00,79.45409999999998,79.71609999999998,79.44409999999998,79.62609999999998,11505
2026-05-01T11:00:00+00:00,79.62609999999998,80.16309999999999,79.46509999999998,80.02809999999998,16108
2026-05-01T12:00:00+00:00,80.02809999999998,81.57009999999998,80.01309999999998,80.55009999999997,45876
2026-05-01T13:00:00+00:00,80.55009999999997,82.71509999999998,80.51209999999998,82.56909999999998,82519
2026-05-01T14:00:00+00:00,82.56909999999998,83.41409999999998,81.97309999999997,82.06609999999998,136022
2026-05-01T15:00:00+00:00,82.06609999999998,82.73709999999998,81.59309999999998,82.43009999999998,84618
2026-05-01T16:00:00+00:00,82.43009999999998,82.64609999999998,81.97109999999998,82.34909999999998,57392
2026-05-01T17:00:00+00:00,82.34909999999998,82.59309999999998,82.15709999999999,82.32009999999998,39784
2026-05-01T18:00:00+00:00,82.32009999999998,82.39709999999998,81.94709999999998,82.11609999999997,33987
2026-05-01T19:00:00+00:00,82.11609999999997,82.22509999999998,81.69009999999997,81.77609999999999,22772
2026-05-01T20:00:00+00:00,81.77609999999999,81.81109999999998,81.60409999999997,81.72109999999998,3666
2026-05-03T22:00:00+00:00,81.72109999999998,82.23809999999999,81.26309999999998,82.00509999999998,24537.49923741739
2026-05-03T23:00:00+00:00,82.00509999999998,82.28509999999999,81.83309999999999,81.93109999999999,16202
2026-05-04T00:00:00+00:00,81.93109999999999,82.03709999999998,81.52609999999999,81.82909999999998,29364
2026-05-04T01:00:00+00:00,81.82909999999998,81.99609999999998,81.24909999999998,81.94409999999999,26106
2026-05-04T02:00:00+00:00,81.94409999999999,82.04609999999998,81.36809999999998,81.84409999999998,21230
2026-05-04T03:00:00+00:00,81.84409999999998,82.04609999999998,81.72009999999999,81.96509999999998,21172
2026-05-04T04:00:00+00:00,81.96509999999998,81.98409999999998,81.59509999999999,81.59909999999998,14221
2026-05-04T05:00:00+00:00,81.59909999999998,81.80209999999998,81.29709999999999,81.49709999999999,21323
2026-05-04T06:00:00+00:00,81.49709999999999,81.55909999999999,81.00109999999998,81.13109999999999,29247
2026-05-04T07:00:00+00:00,81.13109999999999,81.23609999999998,80.65909999999998,80.66809999999998,28761
2026-05-04T08:00:00+00:00,80.66809999999998,80.70709999999998,80.38009999999998,80.60509999999998,29206
2026-05-04T09:00:00+00:00,80.60509999999998,80.80709999999999,80.51509999999999,80.53409999999998,16885
2026-05-04T10:00:00+00:00,80.53409999999998,80.64209999999999,78.42809999999999,79.56509999999999,98114
2026-05-04T11:00:00+00:00,79.56509999999999,79.88109999999999,79.22309999999999,79.60309999999998,43933
2026-05-04T12:00:00+00:00,79.60309999999998,80.50409999999998,79.56909999999999,79.97109999999998,35788
2026-05-04T13:00:00+00:00,79.97109999999998,80.37609999999998,79.48209999999999,80.10809999999998,88597
2026-05-04T14:00:00+00:00,80.10809999999998,80.94609999999999,79.83309999999999,80.09309999999998,93981
2026-05-04T15:00:00+00:00,80.09309999999998,80.37409999999998,78.81109999999998,79.13609999999998,149811
2026-05-04T16:00:00+00:00,79.13609999999998,79.64209999999999,78.78809999999999,78.98209999999999,116319
2026-05-04T17:00:00+00:00,78.98209999999999,79.59509999999999,78.98209999999999,79.09809999999999,71363
2026-05-04T18:00:00+00:00,79.09809999999999,79.33909999999999,78.73109999999998,78.96509999999998,52737
2026-05-04T19:00:00+00:00,78.96509999999998,79.38309999999998,78.88709999999999,79.07609999999998,45436
2026-05-04T20:00:00+00:00,79.07609999999998,79.07809999999998,78.88509999999998,78.90409999999999,5327
2026-05-04T22:00:00+00:00,78.90409999999999,79.30309999999999,78.90409999999999,79.06909999999998,9459.074813902425
2026-05-04T23:00:00+00:00,79.06909999999998,79.21009999999998,78.94709999999998,79.05209999999998,7957
2026-05-05T00:00:00+00:00,79.05209999999998,79.31409999999998,78.84209999999999,79.21209999999998,14736
2026-05-05T01:00:00+00:00,79.21209999999998,79.45509999999999,79.05709999999998,79.31309999999998,20672
2026-05-05T02:00:00+00:00,79.31309999999998,79.68209999999998,79.22309999999999,79.53309999999999,15635
2026-05-05T03:00:00+00:00,79.53309999999999,79.61309999999999,79.07509999999998,79.12409999999998,11465
2026-05-05T04:00:00+00:00,79.12409999999998,79.34309999999998,79.12209999999999,79.20609999999998,11202
2026-05-05T05:00:00+00:00,79.20609999999998,79.91409999999998,79.10509999999998,79.56509999999999,18849
2026-05-05T06:00:00+00:00,79.56509999999999,79.90409999999999,79.07109999999999,79.60309999999998,27735
2026-05-05T07:00:00+00:00,79.60309999999998,80.20909999999998,79.58309999999999,79.77009999999999,27409
2026-05-05T08:00:00+00:00,79.77009999999999,80.22909999999999,79.73709999999998,80.17209999999999,24979
2026-05-05T09:00:00+00:00,80.17209999999999,80.26509999999999,79.98209999999999,80.17809999999999,22457
2026-05-05T10:00:00+00:00,80.17809999999999,80.34009999999998,79.82109999999999,79.85909999999998,20799
2026-05-05T11:00:00+00:00,79.85909999999998,80.22109999999998,79.69509999999998,80.16209999999998,25660
2026-05-05T12:00:00+00:00,80.16209999999998,80.57809999999998,79.79609999999998,79.87609999999998,38208
2026-05-05T13:00:00+00:00,79.87609999999998,80.70709999999998,79.83409999999998,80.12309999999998,62712
2026-05-05T14:00:00+00:00,80.12309999999998,80.44009999999999,79.67109999999998,80.17409999999998,92872
2026-05-05T15:00:00+00:00,80.17409999999998,80.25809999999998,79.86009999999999,79.92109999999998,49034
2026-05-05T16:00:00+00:00,79.92109999999998,80.08009999999999,79.27909999999999,79.55909999999999,29973
2026-05-05T17:00:00+00:00,79.55909999999999,79.86109999999998,79.44209999999998,79.52809999999998,23116
2026-05-05T18:00:00+00:00,79.52809999999998,79.71009999999998,79.38309999999998,79.40509999999999,16228
2026-05-05T19:00:00+00:00,79.40509999999999,79.44009999999999,79.22309999999999,79.28409999999998,18827
2026-05-05T20:00:00+00:00,79.28409999999998,79.43709999999999,79.19409999999998,79.25309999999999,5466
2026-05-05T22:00:00+00:00,79.25309999999999,80.27509999999998,79.25309999999999,79.96309999999998,16849.217947747064
2026-05-05T23:00:00+00:00,79.96309999999998,80.81209999999999,79.87009999999998,80.59209999999999,24857
2026-05-06T00:00:00+00:00,80.59209999999999,81.26609999999998,80.31209999999999,81.17309999999999,32599
2026-05-06T01:00:00+00:00,81.17309999999999,81.85709999999999,80.93409999999999,81.52309999999999,57232
2026-05-06T02:00:00+00:00,81.52309999999999,82.03709999999998,81.33809999999998,81.97609999999999,36731
2026-05-06T03:00:00+00:00,81.97609999999999,82.43109999999999,81.91709999999999,82.22609999999999,30123
2026-05-06T04:00:00+00:00,82.22609999999999,82.54309999999998,82.21109999999999,82.34709999999998,18790
2026-05-06T05:00:00+00:00,82.34709999999998,82.67709999999998,82.13609999999998,82.62209999999999,23547
2026-05-06T06:00:00+00:00,82.62209999999999,82.68409999999999,82.33009999999999,82.60009999999998,41229
2026-05-06T07:00:00+00:00,82.60009999999998,83.03709999999998,82.40409999999999,83.02109999999999,31221
2026-05-06T08:00:00+00:00,83.02109999999999,84.00709999999998,82.68509999999998,83.63709999999999,41590
2026-05-06T09:00:00+00:00,83.63709999999999,83.98609999999998,83.32109999999999,83.92709999999998,52433
2026-05-06T10:00:00+00:00,83.92709999999998,84.59409999999998,83.87109999999998,84.27209999999998,44787
2026-05-06T11:00:00+00:00,84.27209999999998,84.50809999999998,83.50609999999999,83.56309999999998,54268
2026-05-06T12:00:00+00:00,83.56309999999998,83.70709999999998,82.44709999999998,83.59709999999998,75805
2026-05-06T13:00:00+00:00,83.59709999999998,84.16909999999999,83.13109999999999,84.03809999999999,106662
2026-05-06T14:00:00+00:00,84.03809999999999,84.61109999999998,83.71809999999998,84.18109999999999,103920
2026-05-06T15:00:00+00:00,84.18109999999999,84.39909999999999,83.72209999999998,83.73309999999998,69093
2026-05-06T16:00:00+00:00,83.73309999999998,83.96809999999998,83.46709999999999,83.56409999999998,51835
2026-05-06T17:00:00+00:00,83.56409999999998,83.84509999999999,83.44709999999998,83.82809999999998,38778
2026-05-06T18:00:00+00:00,83.82809999999998,84.02609999999999,83.75609999999999,83.77609999999999,26533.927941010603
2026-05-06T19:00:00+00:00,83.77609999999999,84.38909999999998,83.76809999999999,84.18609999999998,40334
2026-05-06T20:00:00+00:00,84.18609999999998,84.32809999999998,83.97909999999999,84.03509999999999,14632
2026-05-06T22:00:00+00:00,84.03509999999999,85.21109999999999,84.03509999999999,85.00709999999998,14387.89435297903
2026-05-06T23:00:00+00:00,85.00709999999998,85.45109999999998,84.96409999999999,85.12309999999998,9240
2026-05-07T00:00:00+00:00,85.12309999999998,85.18009999999998,84.66909999999999,84.76209999999999,23485
2026-05-07T01:00:00+00:00,84.76209999999999,86.03509999999999,84.58009999999999,85.65709999999999,42766
2026-05-07T02:00:00+00:00,85.65709999999999,85.88109999999999,85.14309999999999,85.48109999999998,28042
2026-05-07T03:00:00+00:00,85.48109999999998,85.57109999999999,85.18909999999998,85.20609999999998,21710
2026-05-07T04:00:00+00:00,85.20609999999998,85.33309999999999,85.08109999999998,85.29909999999998,14335
2026-05-07T05:00:00+00:00,85.29909999999998,85.70809999999999,85.16809999999998,85.34109999999998,16267
2026-05-07T06:00:00+00:00,85.34109999999998,86.61509999999998,85.33609999999999,86.46509999999998,30956
2026-05-07T07:00:00+00:00,86.46509999999998,87.39009999999999,86.30509999999998,87.34309999999998,48029
2026-05-07T08:00:00+00:00,87.34309999999998,87.56209999999999,87.11209999999998,87.21409999999999,38629
2026-05-07T09:00:00+00:00,87.21409999999999,87.98009999999998,87.02709999999999,87.82709999999999,31691
2026-05-07T10:00:00+00:00,87.82709999999999,88.19509999999998,87.78209999999999,87.92709999999998,26074
2026-05-07T11:00:00+00:00,87.92709999999998,88.69609999999999,87.89109999999998,88.53309999999999,31921
2026-05-07T12:00:00+00:00,88.53309999999999,89.36309999999999,88.50809999999998,89.08009999999999,51500
2026-05-07T13:00:00+00:00,89.08009999999999,89.20709999999998,88.45109999999998,88.88709999999999,117049
2026-05-07T14:00:00+00:00,88.88709999999999,89.73309999999998,88.82509999999998,89.61309999999999,103935
2026-05-07T15:00:00+00:00,89.61309999999999,89.62609999999998,87.96109999999999,88.02809999999998,104054
2026-05-07T16:00:00+00:00,88.02809999999998,88.15909999999998,86.97009999999999,87.46909999999998,123145
2026-05-07T17:00:00+00:00,87.46909999999998,87.64509999999999,86.43409999999999,87.36609999999999,132948
2026-05-07T18:00:00+00:00,87.36609999999999,87.45209999999999,86.24309999999998,86.83309999999999,100819
2026-05-07T19:00:00+00:00,86.83309999999999,87.06409999999998,86.35609999999998,86.72109999999998,90749
2026-05-07T20:00:00+00:00,86.72109999999998,87.57009999999998,85.88309999999998,85.96609999999998,37707
2026-05-07T22:00:00+00:00,85.96609999999998,86.81909999999999,85.93709999999999,86.41509999999998,28503.042241116495
2026-05-07T23:00:00+00:00,86.41509999999998,87.16509999999998,86.39609999999999,87.12009999999998,15852
2026-05-08T00:00:00+00:00,87.12009999999998,87.35709999999999,86.70009999999999,87.00109999999998,34525
2026-05-08T01:00:00+00:00,87.00109999999998,88.20009999999999,86.95109999999998,87.81909999999999,42956
2026-05-08T02:00:00+00:00,87.81909999999999,88.04309999999998,87.24309999999998,87.54909999999998,37085
2026-05-08T03:00:00+00:00,87.54909999999998,88.03809999999999,87.44509999999998,87.74009999999998,22893
2026-05-08T04:00:00+00:00,87.74009999999998,87.84909999999999,87.18609999999998,87.49309999999998,16015
2026-05-08T05:00:00+00:00,87.49309999999998,88.54909999999998,87.48509999999999,88.32109999999999,29988
2026-05-08T06:00:00+00:00,88.32109999999999,88.60309999999998,87.95809999999999,88.19609999999999,51142
2026-05-08T07:00:00+00:00,88.19609999999999,88.25109999999998,87.21209999999999,87.75609999999999,52593
2026-05-08T08:00:00+00:00,87.75609999999999,88.32009999999998,87.67209999999999,88.03309999999999,44076
2026-05-08T09:00:00+00:00,88.03309999999999,88.48409999999998,87.92009999999999,88.09009999999999,38078
2026-05-08T10:00:00+00:00,88.09009999999999,88.79609999999998,88.06709999999998,88.51709999999999,38917
2026-05-08T11:00:00+00:00,88.51709999999999,88.82609999999998,88.35709999999999,88.61809999999998,38642
2026-05-08T12:00:00+00:00,88.61809999999998,89.4801,88.16009999999999,89.01609999999998,68727
2026-05-08T13:00:00+00:00,89.01609999999998,89.51809999999999,88.41609999999999,89.38309999999998,106621
2026-05-08T14:00:00+00:00,89.38309999999998,89.44009999999999,88.36509999999998,88.47409999999999,105049
2026-05-08T15:00:00+00:00,88.47409999999999,88.71409999999999,87.76409999999998,87.79209999999999,86816
2026-05-08T16:00:00+00:00,87.79209999999999,88.40909999999998,87.76009999999998,87.97809999999998,47674
2026-05-08T17:00:00+00:00,87.97809999999998,88.38609999999998,87.92909999999999,88.25609999999999,39894
2026-05-08T18:00:00+00:00,88.25609999999999,88.78409999999998,88.24409999999999,88.36009999999999,39324
2026-05-08T19:00:00+00:00,88.36009999999999,88.68909999999998,88.31209999999999,88.57809999999999,40508
2026-05-08T20:00:00+00:00,88.57809999999999,88.58109999999999,88.18309999999998,88.26009999999998,9080
2026-05-10T22:00:00+00:00,88.26009999999998,88.26009999999998,86.83109999999998,87.75809999999998,24768.834680134678
2026-05-10T23:00:00+00:00,87.75809999999998,88.10209999999998,87.70809999999997,87.78109999999998,15358
2026-05-11T00:00:00+00:00,87.78109999999998,88.30709999999998,87.34809999999999,87.78909999999998,44000
2026-05-11T01:00:00+00:00,87.78909999999998,88.62109999999998,87.33809999999998,88.58209999999998,78625
2026-05-11T02:00:00+00:00,88.58209999999998,89.40509999999998,88.43909999999998,88.73409999999998,51980
2026-05-11T03:00:00+00:00,88.73409999999998,88.90009999999998,88.35109999999999,88.43309999999998,38752
2026-05-11T04:00:00+00:00,88.43309999999998,88.47009999999999,88.00009999999999,88.09909999999998,23448
2026-05-11T05:00:00+00:00,88.09909999999998,88.45209999999999,87.52909999999999,87.68309999999998,36387
2026-05-11T06:00:00+00:00,87.68309999999998,88.51209999999998,87.62109999999998,88.38709999999998,50647
2026-05-11T07:00:00+00:00,88.38709999999998,88.46409999999999,87.94009999999999,88.07409999999999,33425
2026-05-11T08:00:00+00:00,88.07409999999999,88.44609999999999,87.98609999999998,88.05909999999999,36181
2026-05-11T09:00:00+00:00,88.05909999999999,88.16409999999998,87.80609999999999,87.90309999999998,25218
2026-05-11T10:00:00+00:00,87.90309999999998,88.33709999999998,87.87909999999998,88.14909999999998,24596
2026-05-11T11:00:00+00:00,88.14909999999998,89.13809999999998,88.12709999999998,89.11309999999999,35578
2026-05-11T12:00:00+00:00,89.11309999999999,91.64109999999998,88.84009999999998,91.41309999999999,79007
2026-05-11T13:00:00+00:00,91.41309999999999,93.64709999999998,91.29309999999998,93.29909999999998,140953
2026-05-11T14:00:00+00:00,93.29909999999998,93.34409999999998,91.93809999999998,92.67809999999999,119625
2026-05-11T15:00:00+00:00,92.67809999999999,93.79609999999998,92.60309999999998,93.74709999999999,69115
2026-05-11T16:00:00+00:00,93.74709999999999,93.80009999999999,92.75409999999998,92.96609999999998,66297
2026-05-11T17:00:00+00:00,92.96609999999998,93.44109999999998,92.76309999999998,93.43709999999999,41710
2026-05-11T18:00:00+00:00,93.43709999999999,93.96109999999999,93.28209999999999,93.56609999999998,34489
2026-05-11T19:00:00+00:00,93.56609999999998,93.96109999999999,93.55909999999999,93.94009999999999,41733
2026-05-11T20:00:00+00:00,93.94009999999999,94.01209999999998,93.42909999999998,93.77409999999998,14230
2026-05-11T22:00:00+00:00,93.77409999999998,95.35209999999998,93.77409999999998,95.26009999999998,13765.189768584562
2026-05-11T23:00:00+00:00,95.26009999999998,95.65409999999999,94.44009999999999,95.52609999999999,23381
2026-05-12T00:00:00+00:00,95.52609999999999,95.52609999999999,94.37509999999997,94.40809999999998,43458
2026-05-12T01:00:00+00:00,94.40809999999998,95.45809999999999,93.85509999999998,94.41409999999998,83628
2026-05-12T02:00:00+00:00,94.41409999999998,94.87409999999998,93.91609999999999,94.67709999999998,51162
2026-05-12T03:00:00+00:00,94.67709999999998,94.81009999999998,94.29009999999998,94.48809999999997,34290
2026-05-12T04:00:00+00:00,94.48809999999997,94.88309999999998,94.28609999999998,94.40409999999999,26551
2026-05-12T05:00:00+00:00,94.40409999999999,94.61309999999997,93.55809999999998,93.87209999999997,45003
2026-05-12T06:00:00+00:00,93.87209999999997,93.87409999999998,92.13609999999998,92.55109999999998,67673
2026-05-12T07:00:00+00:00,92.55109999999998,93.11609999999997,91.87309999999998,92.85209999999998,52334
2026-05-12T08:00:00+00:00,92.85209999999998,93.10909999999998,92.33109999999998,92.68109999999999,41686
2026-05-12T09:00:00+00:00,92.68109999999999,92.75509999999998,92.21309999999998,92.30909999999999,38207
2026-05-12T10:00:00+00:00,92.30909999999999,92.78009999999998,91.90009999999998,92.07309999999998,38506
2026-05-12T11:00:00+00:00,92.07309999999998,92.53509999999999,91.44309999999999,92.49409999999997,48882
2026-05-12T12:00:00+00:00,92.49409999999997,93.29909999999998,91.74609999999998,92.82709999999999,78488
2026-05-12T13:00:00+00:00,92.82709999999999,93.75609999999998,92.36609999999997,92.87109999999998,148566
2026-05-12T14:00:00+00:00,92.87109999999998,93.82709999999999,92.63509999999998,92.75109999999998,155082
2026-05-12T15:00:00+00:00,92.75109999999998,92.86109999999998,91.42709999999998,92.55609999999999,156859
2026-05-12T16:00:00+00:00,92.55609999999999,93.09309999999998,92.46509999999998,93.01609999999998,77047
2026-05-12T17:00:00+00:00,93.01609999999998,93.69509999999998,93.01609999999998,93.46709999999999,62718
2026-05-12T18:00:00+00:00,93.46709999999999,94.60209999999998,93.28109999999998,94.48209999999997,66898
2026-05-12T19:00:00+00:00,94.48209999999997,95.23409999999998,94.46109999999999,95.15109999999999,62737
2026-05-12T20:00:00+00:00,95.15109999999999,95.23009999999998,94.86009999999997,94.89709999999998,16363
2026-05-12T22:00:00+00:00,94.89709999999998,95.86009999999997,94.89709999999998,95.63109999999998,15392.453798130986
2026-05-12T23:00:00+00:00,95.63109999999998,96.17309999999998,95.49109999999997,96.01509999999998,18677
2026-05-13T00:00:00+00:00,96.01509999999998,96.52209999999998,95.84409999999998,96.06309999999998,42049
2026-05-13T01:00:00+00:00,96.06309999999998,96.67009999999998,95.37709999999998,95.61109999999998,70251
2026-05-13T02:00:00+00:00,95.61109999999998,96.05609999999999,94.86209999999998,95.01609999999998,60499
2026-05-13T03:00:00+00:00,95.01609999999998,95.86409999999998,94.91109999999998,95.48209999999997,33177
2026-05-13T04:00:00+00:00,95.48209999999997,95.74309999999997,95.20709999999998,95.23109999999997,23037
2026-05-13T05:00:00+00:00,95.23109999999997,95.58309999999997,94.48509999999997,95.28609999999998,43134
2026-05-13T06:00:00+00:00,95.28609999999998,95.75009999999997,95.17009999999998,95.48009999999998,43859
2026-05-13T07:00:00+00:00,95.48009999999998,95.88309999999997,95.18709999999997,95.41309999999997,39887
2026-05-13T08:00:00+00:00,95.41309999999997,95.56009999999998,95.09609999999998,95.35309999999997,36073
2026-05-13T09:00:00+00:00,95.35309999999997,95.89909999999998,95.04309999999998,95.68009999999998,32717
2026-05-13T10:00:00+00:00,95.68009999999998,96.46109999999997,95.52009999999997,95.58709999999998,39615
2026-05-13T11:00:00+00:00,95.58709999999998,96.54609999999998,95.48409999999997,95.97009999999997,45339
2026-05-13T12:00:00+00:00,95.97009999999997,96.26109999999997,94.85309999999997,95.28009999999998,79821
2026-05-13T13:00:00+00:00,95.28009999999998,96.32209999999998,95.27309999999997,95.98309999999998,115517
2026-05-13T14:00:00+00:00,95.98309999999998,97.20309999999998,95.74009999999997,96.76009999999998,144203
2026-05-13T15:00:00+00:00,96.76009999999998,97.70509999999997,96.69309999999997,97.68009999999998,88503
2026-05-13T16:00:00+00:00,97.68009999999998,98.27909999999997,97.49309999999997,97.52609999999997,74579
2026-05-13T17:00:00+00:00,97.52609999999997,98.05809999999998,96.72409999999998,96.77609999999997,69172
2026-05-13T18:00:00+00:00,96.77609999999997,97.23109999999997,96.17109999999998,96.47209999999998,63554
2026-05-13T19:00:00+00:00,96.47209999999998,96.95309999999998,96.44209999999998,96.54209999999998,45630
2026-05-13T20:00:00+00:00,96.54209999999998,96.75909999999998,96.32509999999998,96.33509999999998,14735
2026-05-13T22:00:00+00:00,96.33509999999998,97.50909999999998,96.33509999999998,97.35909999999998,12814.440231742403
2026-05-13T23:00:00+00:00,97.35909999999998,97.44509999999998,96.88709999999998,97.17409999999998,11742
2026-05-14T00:00:00+00:00,97.17409999999998,97.68109999999999,96.77809999999998,97.53209999999999,30074
2026-05-14T01:00:00+00:00,97.53209999999999,97.96509999999998,96.51909999999998,96.81109999999998,100056
2026-05-14T02:00:00+00:00,96.81109999999998,97.32209999999998,96.30109999999998,96.58409999999998,53594
2026-05-14T03:00:00+00:00,96.58409999999998,96.89309999999998,95.83009999999997,95.89209999999999,40532
2026-05-14T04:00:00+00:00,95.89209999999999,96.84409999999998,95.73609999999998,96.37509999999997,26433
2026-05-14T05:00:00+00:00,96.37509999999997,96.98809999999997,96.32209999999998,96.44409999999998,27819
2026-05-14T06:00:00+00:00,96.44409999999998,96.93409999999997,96.40709999999999,96.64709999999998,38388
2026-05-14T07:00:00+00:00,96.64709999999998,97.16809999999998,96.11709999999998,96.44609999999997,49220
2026-05-14T08:00:00+00:00,96.44609999999997,97.01509999999998,96.38709999999998,96.46509999999998,38317
2026-05-14T09:00:00+00:00,96.46509999999998,97.07909999999998,96.14209999999999,96.67509999999999,38943
2026-05-14T10:00:00+00:00,96.67509999999999,96.91409999999998,96.28709999999998,96.62709999999998,47794
2026-05-14T11:00:00+00:00,96.62709999999998,96.72609999999997,95.95409999999998,96.13909999999998,34992
2026-05-14T12:00:00+00:00,96.13909999999998,96.51809999999998,95.60309999999998,96.01709999999999,42806
2026-05-14T13:00:00+00:00,96.01709999999999,96.22209999999998,93.28909999999998,93.40409999999999,130573
2026-05-14T14:00:00+00:00,93.40409999999999,94.53409999999998,93.29809999999998,93.93609999999998,112605
2026-05-14T15:00:00+00:00,93.93609999999998,94.76209999999998,93.85409999999997,94.34209999999997,56694
2026-05-14T16:00:00+00:00,94.34209999999997,94.51409999999998,93.78209999999999,94.21609999999998,50079
2026-05-14T17:00:00+00:00,94.21609999999998,94.50609999999998,94.00909999999998,94.22909999999997,42538
2026-05-14T18:00:00+00:00,94.22909999999997,94.23509999999997,93.60109999999997,93.90109999999999,33455
2026-05-14T19:00:00+00:00,93.90109999999999,93.91209999999998,92.81209999999997,92.92709999999998,51147
2026-05-14T20:00:00+00:00,92.92709999999998,93.12009999999998,92.55709999999998,93.02609999999999,16431
2026-05-14T22:00:00+00:00,93.02609999999999,93.57809999999998,92.81209999999997,93.30509999999997,13476.7553630697
2026-05-14T23:00:00+00:00,93.30509999999997,93.40709999999997,92.40809999999998,93.07609999999997,19799
2026-05-15T00:00:00+00:00,93.07609999999997,93.28409999999997,91.33609999999997,92.03109999999997,60650
2026-05-15T01:00:00+00:00,92.03109999999997,92.08709999999998,90.16109999999998,90.33909999999997,102956
2026-05-15T02:00:00+00:00,90.33909999999997,91.26709999999997,90.19409999999998,90.97009999999997,76431
2026-05-15T03:00:00+00:00,90.97009999999997,91.30909999999997,90.39309999999998,90.95709999999997,50131
2026-05-15T04:00:00+00:00,90.95709999999997,91.11609999999997,90.48009999999998,90.54209999999998,35269
2026-05-15T05:00:00+00:00,90.54209999999998,90.54309999999997,87.20409999999997,87.46809999999998,95066
2026-05-15T06:00:00+00:00,87.46809999999998,88.30209999999997,87.09909999999998,87.88709999999998,94803
2026-05-15T07:00:00+00:00,87.88709999999998,88.94309999999997,87.64409999999997,88.45809999999997,65144
2026-05-15T08:00:00+00:00,88.45809999999997,88.65109999999997,87.41609999999997,87.73809999999997,76703
2026-05-15T09:00:00+00:00,87.73809999999997,88.05309999999997,86.36609999999997,86.97409999999998,72395
2026-05-15T10:00:00+00:00,86.97409999999998,88.74409999999997,86.92509999999997,88.44109999999998,71480
2026-05-15T11:00:00+00:00,88.44109999999998,88.69209999999997,87.80809999999997,87.90009999999997,46870
2026-05-15T12:00:00+00:00,87.90009999999997,88.17509999999997,86.73709999999997,86.75809999999997,71814
2026-05-15T13:00:00+00:00,86.75809999999997,87.03209999999997,85.31309999999998,85.97609999999997,152462
2026-05-15T14:00:00+00:00,85.97609999999997,86.78809999999997,85.56009999999998,86.40309999999997,165792
2026-05-15T15:00:00+00:00,86.40309999999997,86.62209999999997,85.57609999999997,85.78709999999997,108460
2026-05-15T16:00:00+00:00,85.78709999999997,86.03709999999997,85.44209999999997,85.85609999999997,76930
2026-05-15T17:00:00+00:00,85.85609999999997,87.05909999999997,85.78209999999997,86.65809999999998,66923
2026-05-15T18:00:00+00:00,86.65809999999998,86.89909999999998,86.26309999999998,86.47409999999998,54598
2026-05-15T19:00:00+00:00,86.47409999999998,86.50509999999997,85.81709999999997,85.83509999999997,44514
2026-05-15T20:00:00+00:00,85.83509999999997,85.83509999999997,85.27309999999997,85.55709999999998,17178
2026-05-17T22:00:00+00:00,85.55709999999998,86.47409999999998,84.70909999999998,86.29509999999998,31875.295053526846
2026-05-17T23:00:00+00:00,86.29509999999998,86.40609999999998,85.53609999999998,86.13109999999998,35891
2026-05-18T00:00:00+00:00,86.13109999999998,86.40609999999998,83.49709999999997,84.97009999999997,98224
2026-05-18T01:00:00+00:00,84.97009999999997,84.97509999999997,83.35909999999997,84.36109999999998,118403
2026-05-18T02:00:00+00:00,84.36109999999998,84.97709999999998,84.07609999999998,84.44809999999998,68625
2026-05-18T03:00:00+00:00,84.44809999999998,84.73509999999997,83.84009999999998,84.73009999999998,50935
2026-05-18T04:00:00+00:00,84.73009999999998,85.16209999999998,84.51809999999998,84.85309999999997,40639
2026-05-18T05:00:00+00:00,84.85309999999997,85.12209999999997,84.34809999999997,84.38709999999998,49853
2026-05-18T06:00:00+00:00,84.38709999999998,85.70009999999998,84.32409999999997,85.63809999999998,59713
2026-05-18T07:00:00+00:00,85.63809999999998,85.77809999999998,85.06009999999998,85.43909999999998,60134
2026-05-18T08:00:00+00:00,85.43909999999998,85.86509999999997,85.26309999999998,85.65309999999998,43513
2026-05-18T09:00:00+00:00,85.65309999999998,85.71809999999998,85.09809999999997,85.29309999999998,32206
2026-05-18T10:00:00+00:00,85.29309999999998,85.65009999999998,84.89509999999997,85.23009999999998,32592
2026-05-18T11:00:00+00:00,85.23009999999998,86.57109999999997,84.87409999999997,85.91209999999998,72368
2026-05-18T12:00:00+00:00,85.91209999999998,87.02109999999998,85.77209999999998,86.93409999999997,81604
2026-05-18T13:00:00+00:00,86.93409999999997,87.68509999999998,86.70509999999997,87.33609999999997,133948
2026-05-18T14:00:00+00:00,87.33609999999997,87.37909999999998,85.70409999999998,86.16009999999997,151387
2026-05-18T15:00:00+00:00,86.16009999999997,86.40909999999998,85.61709999999998,86.34509999999997,92746
2026-05-18T16:00:00+00:00,86.34509999999997,86.59609999999998,85.77709999999998,86.43009999999998,63418
2026-05-18T17:00:00+00:00,86.43009999999998,86.77309999999997,86.34009999999998,86.45409999999998,32668
2026-05-18T18:00:00+00:00,86.45409999999998,86.47209999999997,85.91909999999997,86.01709999999997,34023
2026-05-18T19:00:00+00:00,86.01709999999997,87.11909999999997,85.98509999999997,86.82309999999998,76822
2026-05-18T20:00:00+00:00,86.82309999999998,87.19009999999997,86.81409999999998,87.16909999999997,7216
2026-05-18T22:00:00+00:00,87.16909999999997,87.90509999999999,87.16909999999997,87.85109999999999,12980.288252168804
2026-05-18T23:00:00+00:00,87.85109999999999,88.55409999999999,87.84909999999999,88.33509999999998,13987
2026-05-19T00:00:00+00:00,88.33509999999998,88.54909999999998,87.16109999999999,87.22109999999999,44142
2026-05-19T01:00:00+00:00,87.22109999999999,87.42409999999998,86.52109999999999,86.78209999999999,67412
2026-05-19T02:00:00+00:00,86.78209999999999,86.88809999999998,85.85609999999998,86.01009999999998,50332
2026-05-19T03:00:00+00:00,86.01009999999998,86.35009999999998,85.77109999999999,85.8761,29384
2026-05-19T04:00:00+00:00,85.8761,85.94909999999999,85.6291,85.91309999999999,26426
2026-05-19T05:00:00+00:00,85.91309999999999,86.14709999999998,85.37409999999998,85.9981,45779
2026-05-19T06:00:00+00:00,85.9981,86.31609999999998,85.68809999999998,85.95709999999998,59567
2026-05-19T07:00:00+00:00,85.95709999999998,86.13309999999997,85.40809999999998,86.12209999999997,55152
2026-05-19T08:00:00+00:00,86.12209999999997,86.35109999999997,85.49409999999997,85.66109999999998,47571
2026-05-19T09:00:00+00:00,85.66109999999998,85.73809999999999,85.12309999999998,85.45109999999998,47495
2026-05-19T10:00:00+00:00,85.45109999999998,85.74509999999998,85.10209999999998,85.74409999999997,51112
2026-05-19T11:00:00+00:00,85.74409999999997,86.01909999999998,85.38809999999998,85.41509999999998,47824
2026-05-19T12:00:00+00:00,85.41509999999998,86.02909999999997,85.30409999999998,85.67709999999998,58719
2026-05-19T13:00:00+00:00,85.67709999999998,85.69409999999998,82.73009999999998,84.02909999999997,163712
2026-05-19T14:00:00+00:00,84.02909999999997,84.54509999999998,83.29209999999998,83.72709999999998,165820
2026-05-19T15:00:00+00:00,83.72709999999998,84.18409999999997,83.41109999999998,84.10509999999998,93521
2026-05-19T16:00:00+00:00,84.10509999999998,84.35509999999998,83.85009999999998,84.29209999999998,60464
2026-05-19T17:00:00+00:00,84.29209999999998,84.57009999999998,84.05509999999998,84.12109999999997,43244
2026-05-19T18:00:00+00:00,84.12109999999997,84.19509999999998,83.68909999999998,83.78609999999998,42797
2026-05-19T19:00:00+00:00,83.78609999999998,83.90509999999998,83.49209999999998,83.59809999999997,50238
2026-05-19T20:00:00+00:00,83.59809999999997,83.66709999999998,83.27509999999998,83.44009999999997,9457
2026-05-19T22:00:00+00:00,83.44009999999997,84.51409999999997,83.44009999999997,84.35609999999997,9749.179043198857
2026-05-19T23:00:00+00:00,84.35609999999997,84.75609999999998,84.24009999999997,84.53309999999998,12208
2026-05-20T00:00:00+00:00,84.53309999999998,84.96209999999996,84.18009999999997,84.96209999999996,58091
2026-05-20T01:00:00+00:00,84.96209999999996,85.23309999999996,83.71409999999997,84.52409999999998,101841
2026-05-20T02:00:00+00:00,84.52409999999998,84.67509999999997,83.44009999999997,83.78409999999997,67236
2026-05-20T03:00:00+00:00,83.78409999999997,84.21009999999997,83.47209999999997,83.85709999999997,44605
2026-05-20T04:00:00+00:00,83.85709999999997,84.21309999999997,83.76209999999998,83.88209999999997,31792
2026-05-20T05:00:00+00:00,83.88209999999997,84.85909999999997,83.87109999999997,84.56709999999997,48742
2026-05-20T06:00:00+00:00,84.56709999999997,85.78409999999997,84.47109999999996,85.54609999999997,62739
2026-05-20T07:00:00+00:00,85.54609999999997,85.79709999999997,85.16209999999997,85.30309999999997,51943
2026-05-20T08:00:00+00:00,85.30309999999997,85.91209999999997,85.23209999999997,85.68109999999997,51793
2026-05-20T09:00:00+00:00,85.68109999999997,85.93409999999997,85.46609999999997,85.77209999999997,38197
2026-05-20T10:00:00+00:00,85.77209999999997,86.03909999999998,85.69609999999997,86.03509999999997,30526
2026-05-20T11:00:00+00:00,86.03509999999997,86.20509999999997,85.82109999999997,86.08909999999997,34629
2026-05-20T12:00:00+00:00,86.08909999999997,86.12909999999997,85.73309999999996,85.83409999999996,41732
2026-05-20T13:00:00+00:00,85.83409999999996,86.15009999999997,85.01309999999997,85.17509999999997,111542
2026-05-20T14:00:00+00:00,85.17509999999997,86.94209999999997,84.74909999999997,86.41709999999998,164475
2026-05-20T15:00:00+00:00,86.41709999999998,86.88509999999998,85.93109999999997,86.05709999999998,110887
2026-05-20T16:00:00+00:00,86.05709999999998,86.34709999999997,85.88109999999998,86.25909999999998,74445
2026-05-20T17:00:00+00:00,86.25909999999998,86.60509999999998,86.09109999999997,86.15709999999997,46734
2026-05-20T18:00:00+00:00,86.15709999999997,86.71609999999997,86.06309999999998,86.52109999999998,34125
2026-05-20T19:00:00+00:00,86.52109999999998,86.68709999999997,86.25009999999997,86.27409999999998,30434
2026-05-20T20:00:00+00:00,86.27409999999998,86.55709999999998,86.08009999999997,86.17509999999997,12776
2026-05-20T22:00:00+00:00,86.17509999999997,87.25709999999997,86.17509999999997,86.69709999999998,18986.889110225762
2026-05-20T23:00:00+00:00,86.69709999999998,87.12909999999998,86.42709999999998,86.93209999999998,13634
2026-05-21T00:00:00+00:00,86.93209999999998,87.14909999999998,86.35909999999997,87.08609999999997,41172
2026-05-21T01:00:00+00:00,87.08609999999997,87.95309999999998,86.76809999999998,87.36309999999997,67638
2026-05-21T02:00:00+00:00,87.36309999999997,87.54509999999998,86.19609999999997,86.37209999999997,57826
2026-05-21T03:00:00+00:00,86.37209999999997,86.68109999999997,86.29209999999998,86.30809999999998,35551
2026-05-21T04:00:00+00:00,86.30809999999998,86.78609999999998,86.27509999999998,86.72309999999997,17289
2026-05-21T05:00:00+00:00,86.72309999999997,86.79709999999997,85.92409999999998,86.38609999999997,43229
2026-05-21T06:00:00+00:00,86.38609999999997,86.62309999999998,85.74909999999997,85.88009999999997,61862
2026-05-21T07:00:00+00:00,85.88009999999997,86.30709999999998,85.79009999999998,85.79609999999998,42988
2026-05-21T08:00:00+00:00,85.79609999999998,86.65209999999998,85.66709999999998,86.54209999999998,61855
2026-05-21T09:00:00+00:00,86.54209999999998,86.91609999999997,86.34609999999998,86.44409999999998,41976
2026-05-21T10:00:00+00:00,86.44409999999998,86.67909999999998,85.58009999999997,85.74009999999997,82410
2026-05-21T11:00:00+00:00,85.74009999999997,86.24309999999997,85.69609999999997,86.00409999999998,55561
2026-05-21T12:00:00+00:00,86.00409999999998,86.19209999999998,85.66809999999998,85.72109999999998,66523
2026-05-21T13:00:00+00:00,85.72109999999998,86.71709999999997,85.40509999999998,86.42809999999997,129062
2026-05-21T14:00:00+00:00,86.42809999999997,86.58809999999998,85.86709999999998,86.11709999999998,131960
2026-05-21T15:00:00+00:00,86.11709999999998,86.68909999999998,85.91609999999997,86.55209999999998,79595
2026-05-21T16:00:00+00:00,86.55209999999998,87.16109999999998,86.55209999999998,87.02809999999998,49309
2026-05-21T17:00:00+00:00,87.02809999999998,88.11209999999997,86.92009999999998,87.77409999999998,104030
2026-05-21T18:00:00+00:00,87.77409999999998,88.01609999999998,87.05009999999997,87.28409999999998,92621
2026-05-21T19:00:00+00:00,87.28409999999998,87.95609999999998,87.19909999999997,87.76109999999997,60511
2026-05-21T20:00:00+00:00,87.76109999999997,87.79309999999998,87.59009999999998,87.76709999999997,8041
2026-05-21T22:00:00+00:00,87.76709999999997,88.20909999999996,87.76709999999997,88.02809999999997,6951.99607028321
2026-05-21T23:00:00+00:00,88.02809999999997,88.08409999999996,87.73109999999997,87.92009999999996,7897
2026-05-22T00:00:00+00:00,87.92009999999996,87.94109999999996,87.49509999999997,87.49909999999997,22252
2026-05-22T01:00:00+00:00,87.49909999999997,87.96509999999996,87.25709999999997,87.71209999999996,42190
2026-05-22T02:00:00+00:00,87.71209999999996,87.77909999999997,87.18409999999997,87.60209999999996,30196
2026-05-22T03:00:00+00:00,87.60209999999996,87.77009999999997,87.26609999999997,87.75409999999997,20020
2026-05-22T04:00:00+00:00,87.75409999999997,87.94109999999996,87.72709999999996,87.82409999999997,12502
2026-05-22T05:00:00+00:00,87.82409999999997,88.34309999999996,87.07009999999997,87.17909999999996,31934
2026-05-22T06:00:00+00:00,87.17909999999996,87.86009999999997,87.02409999999996,87.57009999999997,54848
2026-05-22T07:00:00+00:00,87.57009999999997,87.63309999999997,87.04109999999997,87.28009999999996,34937
2026-05-22T08:00:00+00:00,87.28009999999996,87.60809999999996,86.97109999999996,87.19709999999996,39389
2026-05-22T09:00:00+00:00,87.19709999999996,87.51509999999996,86.85309999999997,87.31409999999997,30488
2026-05-22T10:00:00+00:00,87.31409999999997,87.50109999999997,87.00309999999996,87.11909999999997,31205
2026-05-22T11:00:00+00:00,87.11909999999997,87.38709999999996,86.94709999999996,87.08809999999997,27510
2026-05-22T12:00:00+00:00,87.08809999999997,87.74509999999997,86.70309999999996,87.46609999999997,58405
2026-05-22T13:00:00+00:00,87.46609999999997,87.90009999999997,86.94709999999996,87.25609999999996,106711
2026-05-22T14:00:00+00:00,87.25609999999996,87.25909999999996,86.24909999999997,86.55309999999997,116671
2026-05-22T15:00:00+00:00,86.55309999999997,87.26909999999997,86.52909999999997,87.24409999999997,61407
2026-05-22T16:00:00+00:00,87.24409999999997,87.56209999999997,86.98909999999997,87.15809999999996,42598
2026-05-22T17:00:00+00:00,87.15809999999996,87.60109999999997,87.03809999999997,87.24009999999997,59852
2026-05-22T18:00:00+00:00,87.24009999999997,87.51209999999996,87.04309999999997,87.20009999999996,33781
2026-05-22T19:00:00+00:00,87.20009999999996,87.29909999999997,86.67409999999997,86.85809999999996,42596
2026-05-22T20:00:00+00:00,86.85809999999996,87.00809999999997,86.67909999999996,86.71309999999997,5801
2026-05-24T22:00:00+00:00,86.71309999999997,89.64309999999996,86.48209999999996,89.61709999999997,27204.633016081392
2026-05-24T23:00:00+00:00,89.61709999999997,90.61809999999997,89.61409999999997,89.96309999999997,19650
2026-05-25T00:00:00+00:00,89.96309999999997,90.51809999999996,89.73409999999997,89.95909999999996,38292
2026-05-25T01:00:00+00:00,89.95909999999996,90.35209999999996,89.50209999999997,89.62009999999997,66792
2026-05-25T02:00:00+00:00,89.62009999999997,89.84309999999996,89.25709999999997,89.36909999999997,38709
2026-05-25T03:00:00+00:00,89.36909999999997,89.70909999999996,89.08209999999997,89.41409999999996,29888
2026-05-25T04:00:00+00:00,89.41409999999996,89.78309999999996,89.38709999999996,89.69509999999997,15396
2026-05-25T05:00:00+00:00,89.69509999999997,89.70809999999997,89.22209999999997,89.28109999999997,25428
2026-05-25T06:00:00+00:00,89.28109999999997,89.54009999999997,89.15309999999997,89.51209999999996,35091
2026-05-25T07:00:00+00:00,89.51209999999996,89.86709999999997,89.15409999999997,89.72809999999997,35936
2026-05-25T08:00:00+00:00,89.72809999999997,89.84409999999997,89.49809999999997,89.68509999999996,22555
2026-05-25T09:00:00+00:00,89.68509999999996,89.90909999999997,89.54109999999997,89.82809999999996,16334
2026-05-25T10:00:00+00:00,89.82809999999996,90.15009999999997,89.80209999999997,89.91409999999996,16568
2026-05-25T11:00:00+00:00,89.91409999999996,90.19709999999996,89.79609999999997,89.81209999999997,17039
2026-05-25T12:00:00+00:00,89.81209999999997,89.81609999999996,89.42409999999997,89.61409999999997,31998
2026-05-25T13:00:00+00:00,89.61409999999997,89.62109999999997,89.13609999999997,89.38409999999996,39946
2026-05-25T14:00:00+00:00,89.38409999999996,89.71909999999997,89.34309999999996,89.60409999999997,26846
2026-05-25T15:00:00+00:00,89.60409999999997,89.84709999999997,89.51509999999996,89.56809999999997,29377
2026-05-25T16:00:00+00:00,89.56809999999997,89.86009999999997,89.47209999999997,89.85709999999997,16970
2026-05-25T17:00:00+00:00,89.85709999999997,90.29309999999997,89.75809999999997,89.86709999999997,17130
2026-05-25T18:00:00+00:00,89.86709999999997,89.96309999999997,77.893,77.893,7730
2026-05-25T19:00:00+00:00,77.893,78.026,77.88,77.898,51
2026-05-25T20:00:00+00:00,77.898,78.03,77.832,77.927,175
2026-05-25T22:00:00+00:00,77.927,78.51,77.45,77.849,12359.310649909046
2026-05-25T23:00:00+00:00,77.849,78.025,76.84700000000001,77.343,20791
2026-05-26T00:00:00+00:00,77.343,77.37100000000001,76.756,77.248,43305
2026-05-26T01:00:00+00:00,77.248,77.275,75.38900000000001,76.10000000000001,69917
2026-05-26T02:00:00+00:00,76.10000000000001,76.557,76.027,76.162,27313
2026-05-26T03:00:00+00:00,76.162,76.705,76.158,76.568,15493
2026-05-26T04:00:00+00:00,76.568,76.59700000000001,76.065,76.086,12008
2026-05-26T05:00:00+00:00,76.086,76.50800000000001,75.955,76.147,23127
2026-05-26T06:00:00+00:00,76.147,76.413,76.038,76.224,34679
2026-05-26T07:00:00+00:00,76.224,76.424,75.578,76.092,45486
2026-05-26T08:00:00+00:00,76.092,76.21300000000001,75.64200000000001,75.715,30513
2026-05-26T09:00:00+00:00,75.715,76.009,75.318,75.638,30779
2026-05-26T10:00:00+00:00,75.638,76.31400000000001,75.559,76.032,31949
2026-05-26T11:00:00+00:00,76.032,76.16,75.559,75.672,40828
2026-05-26T12:00:00+00:00,75.672,76.083,75.159,75.923,47383
2026-05-26T13:00:00+00:00,75.923,76.334,75.575,75.63900000000001,87922
2026-05-26T14:00:00+00:00,75.63900000000001,76.257,75.49900000000001,75.989,69295
2026-05-26T15:00:00+00:00,75.989,76.004,75.527,75.648,61119
2026-05-26T16:00:00+00:00,75.648,76.138,75.59400000000001,75.82300000000001,35776
2026-05-26T17:00:00+00:00,75.82300000000001,76.105,75.60300000000001,75.63000000000001,24510
2026-05-26T18:00:00+00:00,75.63000000000001,76.165,75.501,76.14200000000001,24675
2026-05-26T19:00:00+00:00,76.14200000000001,76.812,76.11500000000001,76.73400000000001,22821
2026-05-26T20:00:00+00:00,76.73400000000001,76.84400000000001,76.546,76.645,5185
2026-05-26T22:00:00+00:00,76.645,76.864,76.49300000000001,76.85600000000001,8323.628751037837
2026-05-26T23:00:00+00:00,76.85600000000001,77.11200000000001,76.696,76.956,8561
2026-05-27T00:00:00+00:00,76.956,77.23,76.732,76.77300000000001,12806
2026-05-27T01:00:00+00:00,76.77300000000001,77.069,76.302,76.36200000000001,38438
2026-05-27T02:00:00+00:00,76.36200000000001,76.51100000000001,76.116,76.411,24089
2026-05-27T03:00:00+00:00,76.411,76.58200000000001,76.153,76.173,11955
2026-05-27T04:00:00+00:00,76.173,76.614,76.122,76.423,9972
2026-05-27T05:00:00+00:00,76.423,76.542,75.15,75.24600000000001,32157
2026-05-27T06:00:00+00:00,75.24600000000001,75.38900000000001,74.275,74.724,38929
2026-05-27T07:00:00+00:00,74.724,74.93,74.215,74.568,31739
2026-05-27T08:00:00+00:00,74.568,75.23400000000001,74.542,75.066,28359
2026-05-27T09:00:00+00:00,75.066,75.23400000000001,74.83200000000001,75.03200000000001,18825
2026-05-27T10:00:00+00:00,75.03200000000001,75.159,73.688,73.88000000000001,45988
2026-05-27T11:00:00+00:00,73.88000000000001,74.23,73.015,73.43,53506
2026-05-27T12:00:00+00:00,73.43,74.878,73.346,73.97800000000001,85117
2026-05-27T13:00:00+00:00,73.97800000000001,74.426,73.48,74.143,119152
2026-05-27T14:00:00+00:00,74.143,74.74300000000001,73.87700000000001,73.91000000000001,82785
2026-05-27T15:00:00+00:00,73.91000000000001,74.397,73.769,74.105,48917
2026-05-27T16:00:00+00:00,74.105,74.569,74.018,74.31,28476
2026-05-27T17:00:00+00:00,74.31,74.435,74.049,74.07000000000001,26515
2026-05-27T18:00:00+00:00,74.07000000000001,74.58850000000001,74.0095,74.38250000000001,16479.182345021367
2026-05-27T19:00:00+00:00,74.38250000000001,74.4825,74.14850000000001,74.2275,17924
2026-05-27T20:00:00+00:00,74.2275,74.33850000000001,74.1675,74.1965,3971
2026-05-27T22:00:00+00:00,74.1965,74.8775,74.1575,74.6405,6641.131703537919
2026-05-27T23:00:00+00:00,74.6405,74.6785,74.34049999999999,74.4695,9399
2026-05-28T00:00:00+00:00,74.4695,74.8975,74.3875,74.8685,23272
2026-05-28T01:00:00+00:00,74.8685,74.9275,72.9795,73.0745,58990
2026-05-28T02:00:00+00:00,73.0745,73.4875,72.9345,73.0335,35286
2026-05-28T03:00:00+00:00,73.0335,73.2875,72.1375,72.2015,33098
2026-05-28T04:00:00+00:00,72.2015,72.4245,71.7975,71.9525,20078
2026-05-28T05:00:00+00:00,71.9525,73.2755,71.7555,73.0585,34570
2026-05-28T06:00:00+00:00,73.0585,73.2225,72.59649999999999,73.1435,32535
2026-05-28T07:00:00+00:00,73.1435,73.6345,73.1365,73.4585,23411
2026-05-28T08:00:00+00:00,73.4585,73.6705,73.1355,73.1765,31777
2026-05-28T09:00:00+00:00,73.1765,73.6105,73.1665,73.5095,29943
2026-05-28T10:00:00+00:00,73.5095,73.6675,72.6835,72.94749999999999,37121
2026-05-28T11:00:00+00:00,72.94749999999999,73.2495,72.6875,72.99549999999999,36137
2026-05-28T12:00:00+00:00,72.99549999999999,74.2465,72.7545,74.10849999999999,50173
2026-05-28T13:00:00+00:00,74.10849999999999,74.31649999999999,73.1625,73.2995,67803
2026-05-28T14:00:00+00:00,73.2995,74.84049999999999,73.1185,74.5895,105513
2026-05-28T15:00:00+00:00,74.5895,75.1655,74.4515,75.06349999999999,47620
2026-05-28T16:00:00+00:00,75.06349999999999,75.84349999999999,74.8185,75.7705,45835
2026-05-28T17:00:00+00:00,75.7705,76.0425,75.5375,75.8715,31279
2026-05-28T18:00:00+00:00,75.8715,76.0795,75.5655,75.6195,28214
2026-05-28T19:00:00+00:00,75.6195,75.6605,75.4875,75.5295,16978
2026-05-28T20:00:00+00:00,75.5295,75.6865,75.5115,75.5355,6378
2026-05-28T22:00:00+00:00,75.5355,76.0095,75.3835,75.77850000000001,5172.464393426479
2026-05-28T23:00:00+00:00,75.77850000000001,76.00750000000001,75.7475,75.88250000000001,5933
2026-05-29T00:00:00+00:00,75.88250000000001,76.3465,75.7775,75.8465,15634
2026-05-29T01:00:00+00:00,75.8465,76.67750000000001,75.8065,76.19250000000001,38654
2026-05-29T02:00:00+00:00,76.19250000000001,76.39750000000001,75.8155,75.94850000000001,19043
2026-05-29T03:00:00+00:00,75.94850000000001,76.04950000000001,75.5785,75.70450000000001,16390
2026-05-29T04:00:00+00:00,75.70450000000001,76.1825,75.69250000000001,76.14850000000001,11510
2026-05-29T05:00:00+00:00,76.14850000000001,76.16250000000001,75.52350000000001,75.80850000000001,18736
2026-05-29T06:00:00+00:00,75.80850000000001,76.09150000000001,75.62750000000001,76.0665,30725
2026-05-29T07:00:00+00:00,76.0665,76.07050000000001,75.42150000000001,75.7715,30366
2026-05-29T08:00:00+00:00,75.7715,75.89550000000001,75.16050000000001,75.29350000000001,25447
2026-05-29T09:00:00+00:00,75.29350000000001,76.01150000000001,75.2305,75.8105,26469
2026-05-29T10:00:00+00:00,75.8105,76.0595,75.6015,75.9685,19821
2026-05-29T11:00:00+00:00,75.9685,76.14750000000001,75.54950000000001,75.95150000000001,24848
2026-05-29T12:00:00+00:00,75.95150000000001,75.96050000000001,75.2985,75.8755,41388
2026-05-29T13:00:00+00:00,75.8755,76.0695,75.38350000000001,75.6645,74827
2026-05-29T14:00:00+00:00,75.6645,76.08550000000001,74.7775,75.8125,102526
2026-05-29T15:00:00+00:00,75.8125,76.94550000000001,75.7065,75.9255,73336
2026-05-29T16:00:00+00:00,75.9255,76.19250000000001,75.60050000000001,76.02950000000001,30369
2026-05-29T17:00:00+00:00,76.02950000000001,76.11850000000001,75.51350000000001,75.5905,27437
2026-05-29T18:00:00+00:00,75.5905,76.0245,75.5485,75.65950000000001,28472
2026-05-29T19:00:00+00:00,75.65950000000001,76.00850000000001,75.6465,75.75150000000001,19916
2026-05-29T20:00:00+00:00,75.75150000000001,75.87150000000001,75.53150000000001,75.57350000000001,7513
2026-05-31T22:00:00+00:00,75.57350000000001,75.57350000000001,73.2245,74.23750000000001,18914.034604519773
2026-05-31T23:00:00+00:00,74.23750000000001,74.88050000000001,74.21450000000002,74.75250000000001,13610
2026-06-01T00:00:00+00:00,74.75250000000001,74.94650000000001,74.64150000000001,74.7395,23151
2026-06-01T01:00:00+00:00,74.7395,74.93450000000001,73.98250000000002,74.72250000000001,42934
2026-06-01T02:00:00+00:00,74.72250000000001,75.21950000000001,74.6585,74.77050000000001,27559
2026-06-01T03:00:00+00:00,74.77050000000001,75.00450000000001,74.3705,74.5785,18517
2026-06-01T04:00:00+00:00,74.5785,74.75850000000001,74.52850000000001,74.75350000000002,9597
2026-06-01T05:00:00+00:00,74.75350000000002,75.25150000000001,74.69350000000001,75.01150000000001,19164
2026-06-01T06:00:00+00:00,75.01150000000001,75.13350000000001,74.4535,74.57450000000001,30841
2026-06-01T07:00:00+00:00,74.57450000000001,75.06250000000001,74.44850000000001,74.97850000000001,27800
2026-06-01T08:00:00+00:00,74.97850000000001,75.1115,74.50550000000001,74.88050000000001,26753
2026-06-01T09:00:00+00:00,74.88050000000001,75.4655,74.78150000000001,74.8105,23849
2026-06-01T10:00:00+00:00,74.8105,75.27250000000001,74.79350000000001,74.8555,17560
2026-06-01T11:00:00+00:00,74.8555,75.0995,74.69050000000001,74.87550000000002,22183
2026-06-01T12:00:00+00:00,74.87550000000002,75.18650000000001,74.46150000000002,74.9415,30387
2026-06-01T13:00:00+00:00,74.9415,75.13050000000001,73.01550000000002,73.0665,112680
2026-06-01T14:00:00+00:00,73.0665,73.83950000000002,72.9955,73.4805,84573
2026-06-01T15:00:00+00:00,73.4805,74.48750000000001,73.39550000000001,74.07150000000001,57155
2026-06-01T16:00:00+00:00,74.07150000000001,74.39150000000001,73.75550000000001,74.14050000000002,38968
2026-06-01T17:00:00+00:00,74.14050000000002,74.66350000000001,74.04650000000001,74.51950000000001,47099
2026-06-01T18:00:00+00:00,74.51950000000001,74.54350000000001,74.25450000000001,74.39250000000001,14339
2026-06-01T19:00:00+00:00,74.39250000000001,74.4295,73.93450000000001,74.00150000000001,18597
2026-06-01T20:00:00+00:00,74.00150000000001,74.12250000000002,73.9445,73.98850000000002,4058
2026-06-01T22:00:00+00:00,73.98850000000002,74.21650000000002,73.87250000000002,74.20250000000003,7133.746182418489
2026-06-01T23:00:00+00:00,74.20250000000003,74.52350000000003,74.12150000000003,74.28150000000002,6566
2026-06-02T00:00:00+00:00,74.28150000000002,74.55650000000003,74.04450000000003,74.15850000000002,19913
2026-06-02T01:00:00+00:00,74.15850000000002,75.25150000000002,73.72050000000002,74.07550000000002,48114
2026-06-02T02:00:00+00:00,74.07550000000002,74.58850000000002,74.05950000000003,74.53550000000003,24417
2026-06-02T03:00:00+00:00,74.53550000000003,74.77450000000002,74.39350000000002,74.51650000000002,17959
2026-06-02T04:00:00+00:00,74.51650000000002,75.15650000000002,74.48550000000002,75.01450000000003,11754
2026-06-02T05:00:00+00:00,75.01450000000003,76.15150000000003,74.98950000000002,75.66550000000002,29457
2026-06-02T06:00:00+00:00,75.66550000000002,76.16650000000003,75.62250000000002,75.99650000000003,32514
2026-06-02T07:00:00+00:00,75.99650000000003,76.17450000000002,75.82250000000002,76.16550000000002,19941
2026-06-02T08:00:00+00:00,76.16550000000002,76.25950000000002,75.62350000000002,75.66850000000002,21086
2026-06-02T09:00:00+00:00,75.66850000000002,75.81650000000002,75.40650000000002,75.50650000000002,20398
2026-06-02T10:00:00+00:00,75.50650000000002,75.68050000000002,75.38550000000002,75.62650000000002,18114
2026-06-02T11:00:00+00:00,75.62650000000002,75.83450000000002,75.45650000000002,75.54550000000002,17415
2026-06-02T12:00:00+00:00,75.54550000000002,76.09550000000002,75.23250000000002,75.33850000000002,33811
2026-06-02T13:00:00+00:00,75.33850000000002,75.85150000000002,75.04350000000002,75.10750000000002,76326
2026-06-02T14:00:00+00:00,75.10750000000002,75.25250000000003,74.50450000000002,74.95550000000003,68416
2026-06-02T15:00:00+00:00,74.95550000000003,75.36750000000002,74.93750000000003,75.01850000000002,30489
2026-06-02T16:00:00+00:00,75.01850000000002,75.09350000000002,74.55650000000003,74.67550000000003,30313
2026-06-02T17:00:00+00:00,74.67550000000003,74.88850000000002,74.26050000000002,74.35550000000002,25541
2026-06-02T18:00:00+00:00,74.35550000000002,74.57650000000002,73.99950000000003,74.39250000000003,22274
2026-06-02T19:00:00+00:00,74.39250000000003,74.51650000000002,74.24150000000002,74.41550000000002,16642
2026-06-02T20:00:00+00:00,74.41550000000002,74.52550000000002,74.33350000000003,74.40450000000003,4539
2026-06-02T22:00:00+00:00,74.40450000000003,74.70450000000002,74.36150000000002,74.36950000000003,8089.2398573887385
2026-06-02T23:00:00+00:00,74.36950000000003,74.43150000000003,73.71150000000003,74.23950000000002,19988
2026-06-03T00:00:00+00:00,74.23950000000002,74.89150000000002,74.15650000000002,74.55450000000002,13637
2026-06-03T01:00:00+00:00,74.55450000000002,74.63850000000002,73.45850000000003,74.16350000000003,48153
2026-06-03T02:00:00+00:00,74.16350000000003,74.57350000000002,73.96050000000002,74.39750000000002,28952
2026-06-03T03:00:00+00:00,74.39750000000002,74.65950000000002,74.35850000000002,74.59750000000003,17501
2026-06-03T04:00:00+00:00,74.59750000000003,74.66350000000003,74.11150000000002,74.11150000000002,9817
2026-06-03T05:00:00+00:00,74.11150000000002,74.32450000000003,73.79150000000003,73.82250000000002,23538
2026-06-03T06:00:00+00:00,73.82250000000002,74.13150000000003,73.43650000000002,73.77450000000002,36674
2026-06-03T07:00:00+00:00,73.77450000000002,74.06950000000002,73.47250000000003,73.49150000000003,33830
2026-06-03T08:00:00+00:00,73.49150000000003,73.93550000000002,73.41250000000002,73.52350000000003,31687
2026-06-03T09:00:00+00:00,73.52350000000003,73.89050000000003,73.38450000000003,73.40850000000002,24707
2026-06-03T10:00:00+00:00,73.40850000000002,74.30750000000002,73.37350000000002,73.75850000000003,38621
2026-06-03T11:00:00+00:00,73.75850000000003,74.13150000000003,73.70050000000002,73.94650000000003,26917
2026-06-03T12:00:00+00:00,73.94650000000003,74.09750000000003,73.33450000000002,73.61750000000002,46219
2026-06-03T13:00:00+00:00,73.61750000000002,73.92050000000002,72.58650000000003,73.19650000000003,83573
2026-06-03T14:00:00+00:00,73.19650000000003,73.53750000000002,72.93150000000003,73.34850000000003,79011
2026-06-03T15:00:00+00:00,73.34850000000003,73.40850000000002,72.62550000000003,72.82150000000003,49795
2026-06-03T16:00:00+00:00,72.82150000000003,73.02550000000002,72.53950000000002,72.86250000000003,32134
2026-06-03T17:00:00+00:00,72.86250000000003,73.23250000000003,72.57850000000002,72.68550000000002,32086
2026-06-03T18:00:00+00:00,72.68550000000002,72.80300000000003,72.51500000000003,72.65100000000002,21796.864349844254
2026-06-03T19:00:00+00:00,72.65100000000002,72.90400000000002,72.58600000000003,72.62200000000003,21339
2026-06-03T20:00:00+00:00,72.62200000000003,72.63800000000002,72.02900000000002,72.12200000000003,13190
2026-06-03T22:00:00+00:00,72.12200000000003,72.60300000000002,71.77000000000002,72.47800000000002,13103.467904449224
2026-06-03T23:00:00+00:00,72.47800000000002,72.74800000000003,72.33200000000002,72.54200000000003,11513
2026-06-04T00:00:00+00:00,72.54200000000003,72.72500000000002,72.35400000000003,72.59400000000002,27028
2026-06-04T01:00:00+00:00,72.59400000000002,73.16500000000003,72.10800000000003,72.43200000000003,54955
2026-06-04T02:00:00+00:00,72.43200000000003,73.03600000000003,72.27500000000003,72.93900000000002,35609
2026-06-04T03:00:00+00:00,72.93900000000002,73.05100000000003,72.56900000000003,72.80500000000004,20346
2026-06-04T04:00:00+00:00,72.80500000000004,73.32700000000003,72.75400000000003,73.05800000000002,15613
2026-06-04T05:00:00+00:00,73.05800000000002,73.05800000000002,72.43200000000003,72.53100000000003,24305
2026-06-04T06:00:00+00:00,72.53100000000003,72.83400000000003,72.22600000000003,72.50100000000003,32937
2026-06-04T07:00:00+00:00,72.50100000000003,72.74500000000003,72.32000000000002,72.53800000000003,29556
2026-06-04T08:00:00+00:00,72.53800000000003,72.94900000000003,72.45200000000003,72.61600000000003,45776
2026-06-04T09:00:00+00:00,72.61600000000003,73.12000000000003,72.53000000000003,72.83900000000003,32303
2026-06-04T10:00:00+00:00,72.83900000000003,73.00000000000003,72.66900000000003,72.78700000000003,20437
2026-06-04T11:00:00+00:00,72.78700000000003,74.01500000000003,72.70800000000003,73.95800000000003,41952
2026-06-04T12:00:00+00:00,73.95800000000003,74.12700000000002,73.39100000000003,73.87900000000003,43396
2026-06-04T13:00:00+00:00,73.87900000000003,74.41300000000003,73.66000000000003,73.66200000000003,90451
2026-06-04T14:00:00+00:00,73.66200000000003,73.78900000000003,72.52800000000003,72.83000000000003,80207
2026-06-04T15:00:00+00:00,72.83000000000003,73.23100000000002,72.77800000000003,73.20400000000002,55049
2026-06-04T16:00:00+00:00,73.20400000000002,73.40400000000002,73.11900000000003,73.19700000000003,30676
2026-06-04T17:00:00+00:00,73.19700000000003,73.52100000000003,72.96400000000003,73.25100000000003,23926
2026-06-04T18:00:00+00:00,73.25100000000003,73.47700000000003,73.15700000000002,73.32100000000003,17041
2026-06-04T19:00:00+00:00,73.32100000000003,73.58000000000003,73.24400000000003,73.40300000000003,12275
2026-06-04T20:00:00+00:00,73.40300000000003,73.41800000000003,73.18200000000003,73.18200000000003,5434
2026-06-04T22:00:00+00:00,73.18200000000003,73.49700000000003,73.17200000000003,73.35600000000002,12534.915696779359
2026-06-04T23:00:00+00:00,73.35600000000002,73.58400000000002,73.22300000000003,73.24900000000002,9659
2026-06-05T00:00:00+00:00,73.24900000000002,73.27000000000002,72.72300000000003,72.72300000000003,24011
2026-06-05T01:00:00+00:00,72.72300000000003,72.85700000000003,71.96800000000002,72.08300000000003,61546
2026-06-05T02:00:00+00:00,72.08300000000003,72.42400000000002,71.82200000000002,72.02300000000002,37996
2026-06-05T03:00:00+00:00,72.02300000000002,72.25900000000003,71.79000000000002,72.15200000000003,26074
2026-06-05T04:00:00+00:00,72.15200000000003,72.29400000000003,71.97000000000003,72.26700000000002,15443
2026-06-05T05:00:00+00:00,72.26700000000002,72.30700000000002,71.62400000000002,71.70300000000002,31451
2026-06-05T06:00:00+00:00,71.70300000000002,72.07300000000002,70.72100000000002,72.04000000000002,46166
2026-06-05T07:00:00+00:00,72.04000000000002,72.19700000000002,71.89100000000002,72.07100000000003,28417
2026-06-05T08:00:00+00:00,72.07100000000003,72.37300000000002,71.87000000000002,72.02200000000002,23674
2026-06-05T09:00:00+00:00,72.02200000000002,72.41900000000003,71.94400000000002,72.22100000000002,28671
2026-06-05T10:00:00+00:00,72.22100000000002,72.48100000000002,72.11800000000002,72.31300000000002,13034
2026-06-05T11:00:00+00:00,72.31300000000002,72.48100000000002,71.90300000000002,72.43300000000002,22940
2026-06-05T12:00:00+00:00,72.43300000000002,72.98400000000002,70.82300000000002,70.92900000000002,59587
2026-06-05T13:00:00+00:00,70.92900000000002,71.02500000000002,69.03300000000003,69.06400000000002,133562
2026-06-05T14:00:00+00:00,69.06400000000002,69.49300000000002,68.21000000000002,68.84500000000003,141459
2026-06-05T15:00:00+00:00,68.84500000000003,68.98100000000002,67.91000000000003,68.19200000000002,100336
2026-06-05T16:00:00+00:00,68.19200000000002,68.68900000000002,67.90400000000002,68.66000000000003,90859
2026-06-05T17:00:00+00:00,68.66000000000003,68.83600000000003,68.20400000000002,68.36500000000002,65628
2026-06-05T18:00:00+00:00,68.36500000000002,68.39700000000002,67.45300000000002,67.72000000000003,78117
2026-06-05T19:00:00+00:00,67.72000000000003,67.75300000000003,67.28000000000003,67.49500000000002,81097
2026-06-05T20:00:00+00:00,67.49500000000002,67.50800000000002,67.01300000000002,67.19900000000003,18288
2026-06-07T22:00:00+00:00,67.19900000000003,67.87100000000004,66.88000000000004,67.25900000000004,46568.884846748784
2026-06-07T23:00:00+00:00,67.25900000000004,68.16500000000003,67.25900000000004,68.12500000000004,26318
2026-06-08T00:00:00+00:00,68.12500000000004,68.42100000000003,67.93900000000004,68.28000000000004,36293
2026-06-08T01:00:00+00:00,68.28000000000004,68.38700000000004,66.86700000000005,67.76000000000005,111930
2026-06-08T02:00:00+00:00,67.76000000000005,67.97800000000004,67.33500000000004,67.47900000000004,57667
2026-06-08T03:00:00+00:00,67.47900000000004,67.80000000000004,67.20300000000005,67.80000000000004,34355
2026-06-08T04:00:00+00:00,67.80000000000004,67.96800000000005,67.57000000000004,67.71500000000005,28225
2026-06-08T05:00:00+00:00,67.71500000000005,67.81700000000004,66.10500000000005,66.54300000000003,55352
2026-06-08T06:00:00+00:00,66.54300000000003,67.28000000000004,66.54300000000003,67.01500000000004,57484
2026-06-08T07:00:00+00:00,67.01500000000004,67.47000000000004,66.76800000000004,66.84000000000005,54677
2026-06-08T08:00:00+00:00,66.84000000000005,67.03200000000004,66.67700000000004,66.94800000000004,53467
2026-06-08T09:00:00+00:00,66.94800000000004,67.35200000000005,66.50900000000004,66.95600000000005,49254
2026-06-08T10:00:00+00:00,66.95600000000005,67.36700000000005,66.68700000000004,67.06300000000005,40666
2026-06-08T11:00:00+00:00,67.06300000000005,68.48700000000004,66.97200000000004,68.38400000000004,66455
2026-06-08T12:00:00+00:00,68.38400000000004,68.86200000000004,68.02800000000005,68.81200000000004,51750
2026-06-08T13:00:00+00:00,68.81200000000004,68.87300000000005,67.86100000000005,67.88600000000004,125953
2026-06-08T14:00:00+00:00,67.88600000000004,68.52300000000004,67.64400000000005,68.37400000000004,113666
2026-06-08T15:00:00+00:00,68.37400000000004,68.94700000000005,68.17000000000004,68.61400000000005,85237
2026-06-08T16:00:00+00:00,68.61400000000005,68.85100000000004,68.49800000000005,68.55200000000004,46564
2026-06-08T17:00:00+00:00,68.55200000000004,68.70500000000004,68.14600000000004,68.36400000000005,58289
2026-06-08T18:00:00+00:00,68.36400000000005,68.58200000000004,68.18400000000004,68.22700000000005,34992
2026-06-08T19:00:00+00:00,68.22700000000005,68.35700000000004,67.97300000000004,68.02500000000005,45847
2026-06-08T20:00:00+00:00,68.02500000000005,68.26900000000005,67.91800000000003,68.12100000000004,9010
2026-06-08T22:00:00+00:00,68.12100000000004,68.14100000000003,67.89100000000003,68.00200000000004,13589.76788157731
2026-06-08T23:00:00+00:00,68.00200000000004,68.01000000000003,67.65600000000003,67.71300000000004,16737
2026-06-09T00:00:00+00:00,67.71300000000004,67.81500000000004,67.30500000000004,67.58000000000004,32135
2026-06-09T01:00:00+00:00,67.58000000000004,68.14100000000003,67.35600000000004,67.88200000000003,61943
2026-06-09T02:00:00+00:00,67.88200000000003,67.89600000000004,67.46500000000003,67.49100000000004,32873
2026-06-09T03:00:00+00:00,67.49100000000004,67.95400000000004,67.34200000000004,67.83600000000004,30991
2026-06-09T04:00:00+00:00,67.83600000000004,67.85800000000003,67.59300000000003,67.75600000000004,15313
2026-06-09T05:00:00+00:00,67.75600000000004,68.45300000000005,67.66500000000003,68.20800000000004,31088
2026-06-09T06:00:00+00:00,68.20800000000004,68.48900000000003,68.11800000000004,68.15700000000004,38749
2026-06-09T07:00:00+00:00,68.15700000000004,68.41900000000004,67.93700000000004,68.19800000000004,39966
2026-06-09T08:00:00+00:00,68.19800000000004,68.84500000000004,68.01100000000004,68.27700000000004,43141
2026-06-09T09:00:00+00:00,68.27700000000004,68.40900000000003,68.05400000000004,68.23000000000003,22863
2026-06-09T10:00:00+00:00,68.23000000000003,68.56500000000004,68.02200000000003,68.45400000000004,28754
2026-06-09T11:00:00+00:00,68.45400000000004,68.64900000000004,68.30300000000004,68.42400000000004,28873
2026-06-09T12:00:00+00:00,68.42400000000004,68.67300000000004,68.18200000000004,68.50800000000004,38013
2026-06-09T13:00:00+00:00,68.50800000000004,68.89900000000004,67.70900000000003,67.86300000000004,91614
2026-06-09T14:00:00+00:00,67.86300000000004,67.98100000000004,65.09000000000003,65.92800000000004,172770
2026-06-09T15:00:00+00:00,65.92800000000004,66.18200000000004,64.99100000000004,65.12100000000004,154783
2026-06-09T16:00:00+00:00,65.12100000000004,65.42300000000004,64.21500000000003,64.72800000000004,178384
2026-06-09T17:00:00+00:00,64.72800000000004,65.21200000000003,64.70900000000003,64.99000000000004,114430
2026-06-09T18:00:00+00:00,64.99000000000004,65.59500000000004,64.90000000000003,65.53000000000004,84723
2026-06-09T19:00:00+00:00,65.53000000000004,65.65300000000003,64.85000000000004,65.10200000000003,84188
2026-06-09T20:00:00+00:00,65.10200000000003,65.29400000000004,65.02600000000004,65.18800000000005,12496
2026-06-09T22:00:00+00:00,65.18800000000005,66.01500000000004,64.98600000000005,65.11800000000004,15462.021066329042
2026-06-09T23:00:00+00:00,65.11800000000004,65.33500000000004,64.82700000000004,65.07100000000004,23095
2026-06-10T00:00:00+00:00,65.07100000000004,65.27900000000004,64.44300000000004,64.85200000000005,64350
2026-06-10T01:00:00+00:00,64.85200000000005,65.26700000000001,63.98300000000003,64.85400000000001,90206
2026-06-10T02:00:00+00:00,64.85400000000001,64.95500000000001,63.903000000000006,63.965,62877
2026-06-10T03:00:00+00:00,63.965,64.44299999999997,63.854,64.345,42367
2026-06-10T04:00:00+00:00,64.345,64.444,63.644000000000005,63.675000000000004,29109
2026-06-10T05:00:00+00:00,63.675000000000004,64.88599999999998,63.61000000000001,64.75299999999999,57815
2026-06-10T06:00:00+00:00,64.75299999999999,65.46999999999998,64.72999999999999,65.13499999999999,58217
2026-06-10T07:00:00+00:00,65.13499999999999,65.14799999999998,64.52399999999999,64.55399999999999,46796
2026-06-10T08:00:00+00:00,64.55399999999999,64.56399999999998,63.736000000000004,64.00200000000001,66437
2026-06-10T09:00:00+00:00,64.00200000000001,64.52700000000004,63.89200000000001,64.19000000000005,45534
2026-06-10T10:00:00+00:00,64.19000000000005,64.80499999999998,64.07000000000005,64.64799999999998,43493
2026-06-10T11:00:00+00:00,64.64799999999998,64.77599999999998,63.932,63.96,90720
2026-06-10T12:00:00+00:00,63.96,65.247,63.551,64.443,117803
2026-06-10T13:00:00+00:00,64.443,66.013,64.24600000000001,65.789,150121
2026-06-10T14:00:00+00:00,65.789,65.892,64.559,64.734,138015
2026-06-10T15:00:00+00:00,64.734,65.431,64.42999999999999,65.115,154434
2026-06-10T16:00:00+00:00,65.115,65.489,64.894,65.144,104868
2026-06-10T17:00:00+00:00,65.144,65.389,64.637,65.057,89230
2026-06-10T18:00:00+00:00,65.057,65.375,64.675,64.824,61190
2026-06-10T19:00:00+00:00,64.824,64.838,63.897999999999975,63.94399999999995,79043
2026-06-10T20:00:00+00:00,63.94399999999995,63.951999999999956,63.47599999999996,63.47599999999996,20929
2026-06-10T22:00:00+00:00,63.47599999999996,63.58199999999995,62.33999999999995,62.577999999999946,40375.91233951047
2026-06-10T23:00:00+00:00,62.577999999999946,62.763999999999946,61.42199999999995,62.117999999999945,57323
2026-06-11T00:00:00+00:00,62.117999999999945,63.65999999999995,61.950999999999944,63.50099999999995,101017
2026-06-11T01:00:00+00:00,63.50099999999995,64.45099999999995,63.193999999999946,63.98399999999993,103666
2026-06-11T02:00:00+00:00,63.98399999999993,64.03599999999993,62.84299999999993,63.21599999999993,74734
2026-06-11T03:00:00+00:00,63.21599999999993,63.58399999999993,62.88399999999993,63.48899999999993,47942
2026-06-11T04:00:00+00:00,63.48899999999993,64.08399999999993,63.36199999999993,63.91599999999993,30042
2026-06-11T05:00:00+00:00,63.91599999999993,64.27799999999995,63.51799999999993,63.84799999999994,49390
2026-06-11T06:00:00+00:00,63.84799999999994,64.08199999999995,63.46399999999994,63.99999999999995,49092
2026-06-11T07:00:00+00:00,63.99999999999995,64.57999999999994,63.84899999999994,64.35499999999995,43371
2026-06-11T08:00:00+00:00,64.35499999999995,64.75599999999994,64.11999999999995,64.19999999999995,43911
2026-06-11T09:00:00+00:00,64.19999999999995,64.24599999999995,63.88399999999996,64.00999999999996,31367
2026-06-11T10:00:00+00:00,64.00999999999996,64.12599999999996,63.78599999999996,63.86099999999995,26934
2026-06-11T11:00:00+00:00,63.86099999999995,63.994049999999945,63.39704999999995,63.67404999999995,40219.83014184397
2026-06-11T12:00:00+00:00,63.67404999999995,63.85904999999995,62.70604999999995,63.37004999999995,95514
2026-06-11T13:00:00+00:00,63.37004999999995,64.20904999999995,63.29104999999995,63.964049999999965,144011
2026-06-11T14:00:00+00:00,63.964049999999965,64.26204999999995,63.402049999999946,63.853049999999946,132875
2026-06-11T15:00:00+00:00,63.853049999999946,64.31404999999994,63.65604999999995,63.93904999999992,112656
2026-06-11T16:00:00+00:00,63.93904999999992,64.55504999999992,63.67104999999993,63.762049999999924,71421
2026-06-11T17:00:00+00:00,63.762049999999924,66.53404999999994,63.570049999999924,65.81104999999994,157279
2026-06-11T18:00:00+00:00,65.81104999999994,66.42004999999993,65.24204999999994,66.05604999999993,117204
2026-06-11T19:00:00+00:00,66.05604999999993,67.53304999999993,66.05604999999993,67.20504999999993,96567
2026-06-11T20:00:00+00:00,67.20504999999993,67.49604999999994,67.06604999999993,67.32604999999994,17776
2026-06-11T22:00:00+00:00,67.32604999999994,67.89204999999993,66.67304999999993,67.73404999999993,21491.928936302316
2026-06-11T23:00:00+00:00,67.73404999999993,67.78204999999993,67.23204999999993,67.38704999999993,27603
2026-06-12T00:00:00+00:00,67.38704999999993,67.67404999999992,67.04604999999992,67.22304999999993,53367
2026-06-12T01:00:00+00:00,67.22304999999993,67.31504999999993,66.34404999999992,66.77404999999993,70768
2026-06-12T02:00:00+00:00,66.77404999999993,67.06704999999992,66.60204999999993,66.99304999999993,40508
2026-06-12T03:00:00+00:00,66.99304999999993,67.42404999999992,66.91804999999992,67.02404999999993,30158
2026-06-12T04:00:00+00:00,67.02404999999993,67.08404999999993,66.79904999999992,66.82504999999993,14574
2026-06-12T05:00:00+00:00,66.82504999999993,66.89104999999992,66.36204999999993,66.43004999999992,41376
2026-06-12T06:00:00+00:00,66.43004999999992,66.78404999999992,66.26004999999992,66.54304999999992,39702
2026-06-12T07:00:00+00:00,66.54304999999992,66.56804999999993,65.76204999999993,66.22404999999993,48501
2026-06-12T08:00:00+00:00,66.22404999999993,67.22104999999993,66.14704999999992,66.79104999999993,82207
2026-06-12T09:00:00+00:00,66.79104999999993,67.48604999999992,66.77004999999993,67.11004999999993,52140
2026-06-12T10:00:00+00:00,67.11004999999993,67.31004999999993,66.59304999999993,66.91104999999993,48195
2026-06-12T11:00:00+00:00,66.91104999999993,67.30604999999993,66.70704999999992,67.05704999999993,42523
2026-06-12T12:00:00+00:00,67.05704999999993,67.08704999999993,66.31604999999993,66.38204999999992,53690
2026-06-12T13:00:00+00:00,66.38204999999992,66.98904999999992,66.07704999999993,66.14804999999993,134646
2026-06-12T14:00:00+00:00,66.14804999999993,67.10504999999992,66.08704999999993,66.90004999999992,146250
2026-06-12T15:00:00+00:00,66.90004999999992,67.93804999999993,66.73904999999992,67.36204999999993,109385
2026-06-12T16:00:00+00:00,67.36204999999993,67.95404999999992,67.20704999999992,67.61704999999992,103364
2026-06-12T17:00:00+00:00,67.61704999999992,68.06404999999992,67.52704999999993,67.91904999999993,55365
2026-06-12T18:00:00+00:00,67.91904999999993,68.23104999999993,67.77004999999993,67.79204999999993,36894
2026-06-12T19:00:00+00:00,67.79204999999993,68.08204999999992,67.48704999999993,67.66204999999992,37438
2026-06-12T20:00:00+00:00,67.66204999999992,67.92304999999993,67.63804999999992,67.86504999999993,5812
2026-06-14T22:00:00+00:00,67.86504999999993,70.35404999999992,67.51904999999992,70.13904999999991,27843.11326091876
2026-06-14T23:00:00+00:00,70.13904999999991,70.48804999999992,69.90204999999992,70.44704999999992,16909
2026-06-15T00:00:00+00:00,70.44704999999992,70.68104999999991,70.08004999999991,70.18504999999992,34681
2026-06-15T01:00:00+00:00,70.18504999999992,70.65004999999991,70.01004999999991,70.36204999999991,61051
2026-06-15T02:00:00+00:00,70.36204999999991,70.94004999999991,70.34104999999991,70.71504999999992,29637
2026-06-15T03:00:00+00:00,70.71504999999992,70.73104999999991,70.37404999999991,70.49304999999991,20465
2026-06-15T04:00:00+00:00,70.49304999999991,70.65404999999991,70.38604999999991,70.63004999999991,11089
2026-06-15T05:00:00+00:00,70.63004999999991,70.70204999999991,70.02804999999991,70.15304999999991,24970
2026-06-15T06:00:00+00:00,70.15304999999991,70.39204999999991,70.05804999999991,70.2480499999999,29066
2026-06-15T07:00:00+00:00,70.2480499999999,70.54004999999991,70.12204999999992,70.38704999999992,25229
2026-06-15T08:00:00+00:00,70.38704999999992,70.8580499999999,70.34204999999992,70.63504999999991,28442
2026-06-15T09:00:00+00:00,70.63504999999991,70.93804999999992,70.63504999999991,70.85404999999992,18967
2026-06-15T10:00:00+00:00,70.85404999999992,70.98804999999992,70.77404999999992,70.83904999999992,14691
2026-06-15T11:00:00+00:00,70.83904999999992,71.17004999999992,70.76904999999991,70.90904999999991,22270
2026-06-15T12:00:00+00:00,70.90904999999991,71.36504999999991,70.77404999999992,71.32004999999991,33761
2026-06-15T13:00:00+00:00,71.32004999999991,71.45004999999992,70.88804999999991,71.19504999999991,76155
2026-06-15T14:00:00+00:00,71.19504999999991,71.41704999999992,70.80204999999991,70.85004999999991,64340
2026-06-15T15:00:00+00:00,70.85004999999991,70.98404999999991,70.53204999999991,70.80304999999991,42581
2026-06-15T16:00:00+00:00,70.80304999999991,70.86204999999991,70.30104999999992,70.45704999999991,31031
2026-06-15T17:00:00+00:00,70.45704999999991,70.45704999999991,70.10004999999991,70.25904999999992,31555
2026-06-15T18:00:00+00:00,70.25904999999992,70.39804999999991,70.06504999999991,70.33404999999992,20506
2026-06-15T19:00:00+00:00,70.33404999999992,70.35604999999991,70.11204999999991,70.32604999999991,21475
2026-06-15T20:00:00+00:00,70.32604999999991,70.36804999999991,70.03904999999992,70.08304999999991,8827
2026-06-15T22:00:00+00:00,70.08304999999991,70.38804999999991,70.04804999999992,70.2420499999999,6415.733905802758
2026-06-15T23:00:00+00:00,70.2420499999999,70.33004999999991,70.14104999999991,70.23504999999992,6570
2026-06-16T00:00:00+00:00,70.23504999999992,70.28004999999992,69.98404999999991,70.16304999999991,15913
2026-06-16T01:00:00+00:00,70.16304999999991,70.2980499999999,69.58904999999992,69.65804999999992,41932
2026-06-16T02:00:00+00:00,69.65804999999992,69.9320499999999,69.38904999999991,69.83904999999992,20371
2026-06-16T03:00:00+00:00,69.83904999999992,70.21404999999992,69.77504999999991,70.15304999999991,13869
2026-06-16T04:00:00+00:00,70.15304999999991,70.19204999999991,69.9890499999999,70.03504999999991,10009
2026-06-16T05:00:00+00:00,70.03504999999991,70.26704999999991,69.57004999999991,69.63504999999991,22464
2026-06-16T06:00:00+00:00,69.63504999999991,70.06704999999991,69.58504999999991,70.04704999999991,27788
2026-06-16T07:00:00+00:00,70.04704999999991,70.45704999999991,70.01604999999991,70.44304999999991,21730
2026-06-16T08:00:00+00:00,70.44304999999991,70.90504999999992,70.30804999999991,70.88404999999992,23270
2026-06-16T09:00:00+00:00,70.88404999999992,70.98404999999991,70.7510499999999,70.75504999999991,20020
2026-06-16T10:00:00+00:00,70.75504999999991,70.92704999999991,70.70404999999991,70.8490499999999,13894
2026-06-16T11:00:00+00:00,70.8490499999999,71.00604999999992,70.56204999999991,70.86004999999992,20088
2026-06-16T12:00:00+00:00,70.86004999999992,71.58804999999991,70.6880499999999,71.4740499999999,34201
2026-06-16T13:00:00+00:00,71.4740499999999,71.65604999999991,70.46104999999991,70.50504999999991,73341
2026-06-16T14:00:00+00:00,70.50504999999991,70.72604999999992,69.72504999999991,70.10004999999991,95861
2026-06-16T15:00:00+00:00,70.10004999999991,70.62204999999992,69.93404999999991,70.38004999999991,81206
2026-06-16T16:00:00+00:00,70.38004999999991,70.69504999999991,70.36804999999991,70.42204999999991,52864
2026-06-16T17:00:00+00:00,70.42204999999991,70.56404999999991,70.0690499999999,70.55004999999991,41762
2026-06-16T18:00:00+00:00,70.55004999999991,70.76004999999991,70.51004999999991,70.62404999999991,31263
2026-06-16T19:00:00+00:00,70.62404999999991,70.72204999999991,70.3370499999999,70.43104999999991,35303
2026-06-16T20:00:00+00:00,70.43104999999991,70.47804999999991,70.29704999999991,70.3190499999999,7839
2026-06-16T22:00:00+00:00,70.3190499999999,70.55304999999991,70.22804999999991,70.43004999999991,6367.949205118262
2026-06-16T23:00:00+00:00,70.43004999999991,70.48004999999992,70.10704999999992,70.19204999999991,4905
2026-06-17T00:00:00+00:00,70.19204999999991,70.66404999999992,70.17304999999992,70.49604999999991,24929
2026-06-17T01:00:00+00:00,70.49604999999991,70.82104999999991,70.32804999999992,70.76304999999992,43945
2026-06-17T02:00:00+00:00,70.76304999999992,70.82004999999991,70.37904999999992,70.46504999999992,25334
2026-06-17T03:00:00+00:00,70.46504999999992,70.67804999999991,70.31304999999992,70.45204999999991,18275
2026-06-17T04:00:00+00:00,70.45204999999991,70.45904999999992,70.14904999999992,70.40004999999991,14395
2026-06-17T05:00:00+00:00,70.40004999999991,70.75704999999992,70.17404999999991,70.63604999999991,21727
2026-06-17T06:00:00+00:00,70.63604999999991,70.82504999999992,70.44204999999991,70.60904999999991,25640
2026-06-17T07:00:00+00:00,70.60904999999991,70.69104999999992,70.24604999999991,70.25804999999991,17792
2026-06-17T08:00:00+00:00,70.25804999999991,70.36704999999992,69.78504999999991,70.02504999999991,22556
2026-06-17T09:00:00+00:00,70.02504999999991,70.40004999999991,69.91904999999991,70.23904999999992,19911
2026-06-17T10:00:00+00:00,70.23904999999992,70.39104999999991,70.13104999999992,70.25904999999992,14374
2026-06-17T11:00:00+00:00,70.25904999999992,70.38104999999992,69.92504999999991,70.05304999999991,18076
2026-06-17T12:00:00+00:00,70.05304999999991,70.34904999999992,69.91104999999992,70.25304999999992,31001
2026-06-17T13:00:00+00:00,70.25304999999992,70.74904999999991,69.84404999999991,70.41604999999991,73772
2026-06-17T14:00:00+00:00,70.41604999999991,71.18304999999991,70.25704999999992,70.59804999999992,79435
2026-06-17T15:00:00+00:00,70.59804999999992,71.08704999999992,70.50204999999991,71.04104999999991,46873
2026-06-17T16:00:00+00:00,71.04104999999991,71.11204999999991,70.74604999999991,70.89704999999991,25198
2026-06-17T17:00:00+00:00,70.89704999999991,71.85304999999991,70.80304999999991,71.58704999999992,44725
2026-06-17T18:00:00+00:00,71.58704999999992,71.58704999999992,68.95104999999991,69.44304999999991,238251
2026-06-17T19:00:00+00:00,69.44304999999991,69.68104999999991,67.08704999999992,67.33704999999992,187325
2026-06-17T20:00:00+00:00,67.33704999999992,68.58404999999992,67.30604999999991,68.17704999999991,26258
2026-06-17T22:00:00+00:00,68.17704999999991,68.54104999999991,68.17704999999991,68.40404999999991,16953.629223395183
2026-06-17T23:00:00+00:00,68.40404999999991,68.84204999999992,68.34804999999992,68.82004999999991,14588
2026-06-18T00:00:00+00:00,68.82004999999991,69.92304999999992,68.80404999999992,69.53804999999991,35251
2026-06-18T01:00:00+00:00,69.53804999999991,70.26904999999992,69.46104999999991,69.77904999999991,48834
2026-06-18T02:00:00+00:00,69.77904999999991,70.15104999999991,69.27704999999992,69.28704999999991,34336
2026-06-18T03:00:00+00:00,69.28704999999991,69.71404999999992,69.16804999999991,69.67504999999991,23135
2026-06-18T04:00:00+00:00,69.67504999999991,69.75504999999991,69.22504999999991,69.43404999999991,14952
2026-06-18T05:00:00+00:00,69.43404999999991,69.71704999999992,68.90804999999992,69.25604999999992,30734
2026-06-18T06:00:00+00:00,69.25604999999992,69.41904999999991,68.98604999999992,69.31104999999991,43843
2026-06-18T07:00:00+00:00,69.31104999999991,69.45404999999991,68.90004999999991,68.92504999999991,25771
2026-06-18T08:00:00+00:00,68.92504999999991,69.14204999999991,68.49204999999992,68.50804999999991,31128
2026-06-18T09:00:00+00:00,68.50804999999991,68.93704999999991,68.40204999999992,68.87404999999991,25293
2026-06-18T10:00:00+00:00,68.87404999999991,68.97504999999991,68.16304999999991,68.21704999999992,25039
2026-06-18T11:00:00+00:00,68.21704999999992,68.33904999999992,66.99804999999992,67.23904999999992,51656
2026-06-18T12:00:00+00:00,67.23904999999992,67.77904999999991,66.76004999999992,66.87504999999992,55155
2026-06-18T13:00:00+00:00,66.87504999999992,68.01804999999992,66.85004999999991,67.36204999999991,80292
2026-06-18T14:00:00+00:00,67.36204999999991,67.42204999999991,66.46704999999992,66.88304999999991,105185
2026-06-18T15:00:00+00:00,66.88304999999991,66.96204999999992,66.33404999999992,66.49604999999991,82607
2026-06-18T16:00:00+00:00,66.49604999999991,66.70204999999991,66.28704999999991,66.54504999999992,53362
2026-06-18T17:00:00+00:00,66.54504999999992,66.79804999999992,66.18604999999991,66.55104999999992,36762
2026-06-18T18:00:00+00:00,66.55104999999992,66.62304999999992,66.23704999999991,66.26604999999992,32204
2026-06-18T19:00:00+00:00,66.26604999999992,66.34604999999992,65.49604999999991,66.21604999999991,56166
2026-06-18T20:00:00+00:00,66.21604999999991,66.39104999999992,66.07204999999992,66.07204999999992,9443
2026-06-18T22:00:00+00:00,66.07204999999992,66.50304999999992,65.99304999999993,66.23504999999992,5086.415775926007
2026-06-18T23:00:00+00:00,66.23504999999992,66.25304999999992,65.80504999999992,65.84104999999992,9712
2026-06-19T00:00:00+00:00,65.84104999999992,66.07504999999992,65.60504999999992,65.89104999999992,23414
2026-06-19T01:00:00+00:00,65.89104999999992,65.97304999999992,65.51004999999992,65.57904999999992,17740
2026-06-19T02:00:00+00:00,65.57904999999992,65.62304999999992,65.00704999999992,65.11504999999993,18399
2026-06-19T03:00:00+00:00,65.11504999999993,65.15504999999992,64.57004999999992,64.66904999999993,21804
2026-06-19T04:00:00+00:00,64.66904999999993,64.78204999999997,64.03004999999999,64.05204999999998,27732
2026-06-19T05:00:00+00:00,64.05204999999998,64.50005,63.841049999999996,64.47905,28495
2026-06-19T06:00:00+00:00,64.47905,65.02505000000001,64.32105,64.96005000000001,21152
2026-06-19T07:00:00+00:00,64.96005000000001,65.66305000000001,64.95405000000001,65.52805000000001,22403
2026-06-19T08:00:00+00:00,65.52805000000001,66.05005,65.28505000000001,65.78805000000001,24041
2026-06-19T09:00:00+00:00,65.78805000000001,65.85105,65.51305,65.66505000000001,17144
2026-06-19T10:00:00+00:00,65.66505000000001,65.70405000000001,65.35405,65.41905,21490
2026-06-19T11:00:00+00:00,65.41905,65.56205,64.92205000000001,65.33605000000001,27297.17959166438
2026-06-19T12:00:00+00:00,65.33605000000001,65.99605000000001,65.11105000000002,65.91705000000002,34452
2026-06-19T13:00:00+00:00,65.91705000000002,66.07205000000002,65.25605000000002,65.27905000000001,40620
2026-06-19T14:00:00+00:00,65.27905000000001,65.30605000000001,64.76005000000002,65.12205000000002,25781
2026-06-19T15:00:00+00:00,65.12205000000002,65.40905000000002,65.03405000000002,65.10105000000001,24069
2026-06-19T16:00:00+00:00,65.10105000000001,65.64005000000002,64.90705000000001,65.38005000000001,11824
2026-06-19T17:00:00+00:00,65.38005000000001,65.41605000000001,64.682,64.706,60
2026-06-19T18:00:00+00:00,64.706,64.846,64.668,64.699,50
2026-06-19T19:00:00+00:00,64.699,64.839,64.662,64.68,99
2026-06-19T20:00:00+00:00,64.68,64.827,64.662,64.664,46
2026-06-21T22:00:00+00:00,64.664,65.369,64.51400000000001,65.193,16495.659507412165
2026-06-21T23:00:00+00:00,65.193,65.449,64.636,64.797,17679
2026-06-22T00:00:00+00:00,64.797,66.724,64.795,66.719,30975
2026-06-22T01:00:00+00:00,66.719,67.578,66.209,66.286,82737
2026-06-22T02:00:00+00:00,66.286,66.604,65.945,66.102,43172
2026-06-22T03:00:00+00:00,66.102,66.181,65.835,65.913,23368
2026-06-22T04:00:00+00:00,65.913,66.134,65.853,65.934,13099
2026-06-22T05:00:00+00:00,65.934,66.972,65.877,66.804,29099
2026-06-22T06:00:00+00:00,66.804,67.235,66.752,67.021,36281
2026-06-22T07:00:00+00:00,67.021,67.146,66.581,66.613,17216
2026-06-22T08:00:00+00:00,66.613,66.669,66.151,66.593,22566
2026-06-22T09:00:00+00:00,66.593,66.963,66.517,66.78399999999999,22208
2026-06-22T10:00:00+00:00,66.78399999999999,67.011,66.739,66.78099999999999,14689
2026-06-22T11:00:00+00:00,66.78099999999999,67.195,66.616,66.876,24529
2026-06-22T12:00:00+00:00,66.876,67.059,66.572,66.629,25449
2026-06-22T13:00:00+00:00,66.629,67.392,66.59,66.92999999999999,72539
2026-06-22T14:00:00+00:00,66.92999999999999,67.13499999999999,66.246,66.464,112289
2026-06-22T15:00:00+00:00,66.464,66.6075,65.5295,65.86449999999999,72020.09494602263
2026-06-22T16:00:00+00:00,65.86449999999999,66.1745,65.6415,66.0255,46806
2026-06-22T17:00:00+00:00,66.0255,66.03949999999999,65.3865,65.6815,37733
2026-06-22T18:00:00+00:00,65.6815,65.92049999999999,65.6665,65.8445,33434
2026-06-22T19:00:00+00:00,65.8445,65.8945,65.39649999999999,65.5625,29096
2026-06-22T20:00:00+00:00,65.5625,65.70349999999999,65.4575,65.4575,3752
2026-06-22T22:00:00+00:00,65.4575,65.5675,65.2165,65.3805,3808.28265189378
2026-06-22T23:00:00+00:00,65.3805,65.49549999999999,65.2325,65.2755,2740
2026-06-23T00:00:00+00:00,65.2755,65.4135,64.71849999999999,65.2905,29229
2026-06-23T01:00:00+00:00,65.2905,65.6865,64.16749999999998,64.42049999999996,76459
2026-06-23T02:00:00+00:00,64.42049999999996,64.58649999999997,63.60249999999992,63.67049999999992,49266
2026-06-23T03:00:00+00:00,63.67049999999992,63.81849999999992,63.09749999999992,63.55049999999992,41471
2026-06-23T04:00:00+00:00,63.55049999999992,63.60649999999992,62.87749999999992,62.95349999999992,20998
2026-06-23T05:00:00+00:00,62.95349999999992,63.41149999999992,62.73749999999992,62.924499999999924,56875
2026-06-23T06:00:00+00:00,62.924499999999924,63.15249999999992,62.55649999999992,62.60849999999992,59154
2026-06-23T07:00:00+00:00,62.60849999999992,63.04749999999992,62.174499999999924,62.25649999999992,44895
2026-06-23T08:00:00+00:00,62.25649999999992,62.53849999999992,62.16749999999992,62.45649999999992,37188
2026-06-23T09:00:00+00:00,62.45649999999992,62.90949999999992,62.424499999999924,62.90149999999992,19536
2026-06-23T10:00:00+00:00,62.90149999999992,63.07049999999992,62.59249999999992,62.61549999999992,19909
2026-06-23T11:00:00+00:00,62.61549999999992,62.70849999999992,62.26449999999992,62.43149999999992,28561
2026-06-23T12:00:00+00:00,62.43149999999992,62.62349999999992,62.06349999999992,62.26649999999992,31506
2026-06-23T13:00:00+00:00,62.26649999999992,62.89149999999992,62.01649999999992,62.74949999999992,84092
2026-06-23T14:00:00+00:00,62.74949999999992,62.85549999999992,61.87349999999992,62.41949999999992,80021
2026-06-23T15:00:00+00:00,62.41949999999992,62.68949999999992,62.18549999999992,62.63549999999992,51059
2026-06-23T16:00:00+00:00,62.63549999999992,62.81749999999992,62.35549999999992,62.41249999999992,26775
2026-06-23T17:00:00+00:00,62.41249999999992,62.62349999999992,62.16449999999992,62.17549999999992,26161
2026-06-23T18:00:00+00:00,62.17549999999992,62.26049999999992,61.70249999999992,61.84249999999992,23076
2026-06-23T19:00:00+00:00,61.84249999999992,62.171499999999924,61.81549999999992,61.98249999999992,34440
2026-06-23T20:00:00+00:00,61.98249999999992,62.18649999999992,61.81049999999992,61.92649999999992,6674
2026-06-23T22:00:00+00:00,61.92649999999992,62.114499999999914,61.730499999999914,61.83149999999991,9256.643364983258
2026-06-23T23:00:00+00:00,61.83149999999991,62.114499999999914,61.157499999999914,61.99449999999992,19136
2026-06-24T00:00:00+00:00,61.99449999999992,62.25249999999991,61.632499999999915,61.870499999999915,46636
2026-06-24T01:00:00+00:00,61.870499999999915,62.46249999999991,61.077499999999915,62.02049999999991,86058
2026-06-24T02:00:00+00:00,62.02049999999991,62.17349999999991,61.36349999999992,61.49149999999992,45981
2026-06-24T03:00:00+00:00,61.49149999999992,61.940499999999915,61.342499999999916,61.69149999999991,36343
2026-06-24T04:00:00+00:00,61.69149999999991,61.71349999999992,61.21249999999991,61.47249999999991,20869
2026-06-24T05:00:00+00:00,61.47249999999991,62.230499999999914,61.33749999999991,61.97849999999991,30245
2026-06-24T06:00:00+00:00,61.97849999999991,62.845499999999916,61.96649999999992,62.193499999999915,39296
2026-06-24T07:00:00+00:00,62.193499999999915,62.27049999999991,61.848499999999916,61.87849999999992,23400
2026-06-24T08:00:00+00:00,61.87849999999992,62.06949999999991,61.580499999999915,61.614499999999914,24018
2026-06-24T09:00:00+00:00,61.614499999999914,61.70349999999991,61.370499999999915,61.409499999999916,21869
2026-06-24T10:00:00+00:00,61.409499999999916,61.45049999999991,60.89949999999992,60.95349999999991,23080
2026-06-24T11:00:00+00:00,60.95349999999991,61.04649999999992,59.72849999999991,59.763499999999915,47644
2026-06-24T12:00:00+00:00,59.763499999999915,59.99649999999991,58.46349999999992,58.510499999999915,64252
2026-06-24T13:00:00+00:00,58.510499999999915,59.943499999999915,58.345499999999916,59.84049999999991,110780
2026-06-24T14:00:00+00:00,59.84049999999991,59.95949999999991,59.099499999999914,59.242499999999914,88930
2026-06-24T15:00:00+00:00,59.242499999999914,59.528499999999916,58.99149999999992,59.050499999999914,58288
2026-06-24T16:00:00+00:00,59.050499999999914,59.38749999999992,58.83749999999991,58.92749999999992,51608
2026-06-24T17:00:00+00:00,58.92749999999992,59.07049999999992,56.88049999999991,56.89349999999992,77771
2026-06-24T18:00:00+00:00,56.89349999999992,57.614499999999914,55.92149999999992,57.041499999999914,80497
2026-06-24T19:00:00+00:00,57.041499999999914,57.74149999999992,56.83249999999992,57.550499999999914,52535
2026-06-24T20:00:00+00:00,57.550499999999914,58.12749999999991,57.43649999999992,57.714499999999916,24066
2026-06-24T22:00:00+00:00,57.714499999999916,58.304499999999926,57.479499999999916,57.96249999999993,11131.0419325433
2026-06-24T23:00:00+00:00,57.96249999999993,58.34849999999992,57.777499999999925,58.16349999999992,11647
2026-06-25T00:00:00+00:00,58.16349999999992,58.311499999999924,57.527499999999925,57.71249999999993,39059
2026-06-25T01:00:00+00:00,57.71249999999993,58.277499999999925,57.16549999999992,57.31549999999992,78199
2026-06-25T02:00:00+00:00,57.31549999999992,57.54449999999992,56.805499999999924,57.34849999999992,50673
2026-06-25T03:00:00+00:00,57.34849999999992,58.03449999999992,56.97149999999992,57.91849999999992,37668
2026-06-25T04:00:00+00:00,57.91849999999992,58.109499999999926,57.65649999999992,58.01349999999992,27032
2026-06-25T05:00:00+00:00,58.01349999999992,58.115499999999926,57.436499999999924,57.58149999999993,47977
2026-06-25T06:00:00+00:00,57.58149999999993,57.84849999999992,57.158499999999925,57.26049999999992,41530
2026-06-25T07:00:00+00:00,57.26049999999992,57.88349999999993,57.00449999999992,57.740499999999926,42336
2026-06-25T08:00:00+00:00,57.740499999999926,58.271499999999925,57.737499999999926,57.89149999999992,42311
2026-06-25T09:00:00+00:00,57.89149999999992,58.250499999999924,57.81049999999993,57.921499999999924,32953
2026-06-25T10:00:00+00:00,57.921499999999924,58.049499999999924,57.686499999999924,57.774499999999925,22684
2026-06-25T11:00:00+00:00,57.774499999999925,57.94649999999992,57.41849999999992,57.60549999999992,31372
2026-06-25T12:00:00+00:00,57.60549999999992,58.923499999999926,57.362499999999926,58.64449999999992,89917
2026-06-25T13:00:00+00:00,58.64449999999992,59.48949999999992,57.43749999999992,57.46749999999992,129336
2026-06-25T14:00:00+00:00,57.46749999999992,58.65649999999992,57.46549999999992,58.37749999999993,114757
2026-06-25T15:00:00+00:00,58.37749999999993,59.274999999999935,58.030999999999935,59.22099999999993,83637.83139793988
2026-06-25T16:00:00+00:00,59.22099999999993,59.271999999999935,58.612999999999936,58.737999999999936,71287
2026-06-25T17:00:00+00:00,58.737999999999936,58.960999999999935,58.515999999999934,58.758999999999936,49138
2026-06-25T18:00:00+00:00,58.758999999999936,58.93399999999993,58.42499999999993,58.64299999999993,52856
2026-06-25T19:00:00+00:00,58.64299999999993,58.69999999999993,58.13299999999993,58.335999999999935,36231
2026-06-25T20:00:00+00:00,58.335999999999935,58.52099999999993,58.22499999999993,58.27599999999993,10436
2026-06-25T22:00:00+00:00,58.27599999999993,58.372999999999934,57.92399999999993,58.23999999999993,9297.370174859781
2026-06-25T23:00:00+00:00,58.23999999999993,58.47999999999993,58.00199999999993,58.05299999999993,15088
2026-06-26T00:00:00+00:00,58.05299999999993,58.31699999999993,57.789999999999935,58.08499999999993,30494
2026-06-26T01:00:00+00:00,58.08499999999993,58.46499999999993,57.29999999999993,57.58499999999993,47883
2026-06-26T02:00:00+00:00,57.58499999999993,57.768999999999934,56.13299999999993,56.42599999999993,42163
2026-06-26T03:00:00+00:00,56.42599999999993,57.24199999999993,56.32499999999993,57.027999999999935,29350
2026-06-26T04:00:00+00:00,57.027999999999935,57.26399999999993,56.74299999999993,56.847999999999935,21089
2026-06-26T05:00:00+00:00,56.847999999999935,57.338999999999935,56.68399999999993,57.04999999999993,34177
2026-06-26T06:00:00+00:00,57.04999999999993,58.86999999999993,56.82799999999993,58.69799999999993,56771
2026-06-26T07:00:00+00:00,58.69799999999993,58.69799999999993,58.231999999999935,58.29399999999993,34873
2026-06-26T08:00:00+00:00,58.29399999999993,58.45999999999993,58.07599999999993,58.128999999999934,31768
2026-06-26T09:00:00+00:00,58.128999999999934,58.972999999999935,58.064999999999934,58.649999999999935,25465
2026-06-26T10:00:00+00:00,58.649999999999935,59.054999999999936,58.48299999999993,58.91899999999993,21883
2026-06-26T11:00:00+00:00,58.91899999999993,59.04999999999993,58.49299999999993,58.600999999999935,18547
2026-06-26T12:00:00+00:00,58.600999999999935,59.396999999999935,58.45299999999993,59.31999999999993,27255
2026-06-26T13:00:00+00:00,59.31999999999993,59.676999999999936,58.41299999999993,59.36499999999993,87886
2026-06-26T14:00:00+00:00,59.36499999999993,59.96599999999993,59.17899999999993,59.59999999999993,84639
2026-06-26T15:00:00+00:00,59.59999999999993,60.112999999999936,59.38899999999993,59.81899999999993,51348
2026-06-26T16:00:00+00:00,59.81899999999993,59.90099999999993,59.57599999999993,59.743999999999936,32480
2026-06-26T17:00:00+00:00,59.743999999999936,59.78299999999993,59.42884999999994,59.43884999999994,29434.776815321107
2026-06-26T18:00:00+00:00,59.43884999999994,59.604849999999935,59.29284999999994,59.32984999999994,16119
2026-06-26T19:00:00+00:00,59.32984999999994,59.50484999999994,59.281849999999935,59.36284999999994,20204
2026-06-26T20:00:00+00:00,59.36284999999994,59.39584999999994,58.96084999999994,59.03984999999994,10452
2026-06-28T22:00:00+00:00,59.03984999999994,60.20784999999995,59.014849999999946,59.50384999999995,20538.499243570346
2026-06-28T23:00:00+00:00,59.50384999999995,59.71084999999995,59.313849999999945,59.41284999999995,13335
2026-06-29T00:00:00+00:00,59.41284999999995,59.53084999999995,58.79584999999995,59.401849999999946,53484
2026-06-29T01:00:00+00:00,59.401849999999946,59.62584999999995,58.89784999999995,59.06884999999995,80379
2026-06-29T02:00:00+00:00,59.06884999999995,59.624849999999945,58.98384999999995,59.40784999999995,46579
2026-06-29T03:00:00+00:00,59.40784999999995,59.898849999999946,59.29484999999995,59.39684999999995,27454
2026-06-29T04:00:00+00:00,59.39684999999995,59.404849999999946,58.91684999999995,58.97784999999995,18359
2026-06-29T05:00:00+00:00,58.97784999999995,59.52884999999995,58.50184999999995,59.32084999999995,42001
2026-06-29T06:00:00+00:00,59.32084999999995,59.69084999999995,59.28884999999995,59.386849999999946,38756
2026-06-29T07:00:00+00:00,59.386849999999946,59.41784999999995,59.05184999999995,59.057849999999945,29350
2026-06-29T08:00:00+00:00,59.057849999999945,59.34684999999995,58.63584999999995,58.75184999999995,36998
2026-06-29T09:00:00+00:00,58.75184999999995,59.02484999999995,58.16184999999995,58.42284999999995,41065
2026-06-29T10:00:00+00:00,58.42284999999995,58.70584999999995,58.24284999999995,58.529849999999946,38410
2026-06-29T11:00:00+00:00,58.529849999999946,58.97984999999995,58.34284999999995,58.93184999999995,31890
2026-06-29T12:00:00+00:00,58.93184999999995,59.35784999999995,58.73784999999995,59.11484999999995,40148
2026-06-29T13:00:00+00:00,59.11484999999995,59.54684999999995,58.78784999999995,58.89484999999995,94405
2026-06-29T14:00:00+00:00,58.89484999999995,59.08884999999995,58.17484999999995,58.75184999999995,93374
2026-06-29T15:00:00+00:00,58.75184999999995,58.93084999999995,58.42184999999995,58.82984999999995,33849
2026-06-29T16:00:00+00:00,58.82984999999995,58.996849999999945,58.65884999999995,58.85584999999995,19710
2026-06-29T17:00:00+00:00,58.85584999999995,59.145849999999946,58.76984999999995,58.95284999999995,17427
2026-06-29T18:00:00+00:00,58.95284999999995,59.23684999999995,58.84284999999995,58.90684999999995,9182
2026-06-29T19:00:00+00:00,58.90684999999995,59.07184999999995,58.67484999999995,58.97384999999995,13656
2026-06-29T20:00:00+00:00,58.97384999999995,59.10684999999995,58.91584999999995,59.011849999999946,4226
2026-06-29T22:00:00+00:00,59.011849999999946,59.17384999999994,58.81084999999994,58.84584999999994,6980.702631192121
2026-06-29T23:00:00+00:00,58.84584999999994,59.17284999999994,58.84584999999994,59.03184999999994,7137
2026-06-30T00:00:00+00:00,59.03184999999994,59.03784999999994,57.869849999999936,58.12184999999994,29209
2026-06-30T01:00:00+00:00,58.12184999999994,58.45684999999994,57.20784999999994,58.02584999999994,65887
2026-06-30T02:00:00+00:00,58.02584999999994,58.36384999999994,57.66984999999994,57.96784999999994,36456
2026-06-30T03:00:00+00:00,57.96784999999994,58.38384999999994,57.753849999999936,57.87784999999994,23955
2026-06-30T04:00:00+00:00,57.87784999999994,58.63984999999994,57.86384999999994,58.28484999999994,19407
2026-06-30T05:00:00+00:00,58.28484999999994,58.32884999999994,57.692849999999936,57.87984999999994,26379
2026-06-30T06:00:00+00:00,57.87984999999994,60.22884999999994,57.87984999999994,59.63984999999994,67746
2026-06-30T07:00:00+00:00,59.63984999999994,59.744849999999936,59.33784999999994,59.61084999999994,25917
2026-06-30T08:00:00+00:00,59.61084999999994,59.76684999999994,58.99084999999994,59.08984999999994,24502
2026-06-30T09:00:00+00:00,59.08984999999994,59.43784999999994,59.04484999999994,59.43584999999994,12390
2026-06-30T10:00:00+00:00,59.43584999999994,59.70084999999994,59.34684999999994,59.640849999999936,11382
2026-06-30T11:00:00+00:00,59.640849999999936,59.79384999999994,59.375849999999936,59.66084999999994,17457
2026-06-30T12:00:00+00:00,59.66084999999994,59.68584999999994,58.85284999999994,58.93884999999994,28162
2026-06-30T13:00:00+00:00,58.93884999999994,60.01384999999994,58.93484999999994,59.83884999999994,59113
2026-06-30T14:00:00+00:00,59.83884999999994,61.05784999999994,59.64784999999994,60.46384999999994,85079
2026-06-30T15:00:00+00:00,60.46384999999994,60.67484999999994,60.140849999999936,60.186849999999936,34834
2026-06-30T16:00:00+00:00,60.186849999999936,60.512849999999936,60.04084999999994,60.061849999999936,21885
2026-06-30T17:00:00+00:00,60.061849999999936,60.30684999999994,59.96184999999994,60.24284999999994,18927
2026-06-30T18:00:00+00:00,60.24284999999994,60.59384999999994,60.17684999999994,60.36584999999994,11084
2026-06-30T19:00:00+00:00,60.36584999999994,60.38984999999994,59.72984999999994,59.76484999999994,16720
2026-06-30T20:00:00+00:00,59.76484999999994,59.89584999999994,59.058849999999936,59.058849999999936,7191
2026-06-30T22:00:00+00:00,59.058849999999936,59.71784999999994,59.058849999999936,59.56284999999994,5688.055333226615
2026-06-30T23:00:00+00:00,59.56284999999994,59.704849999999944,59.24184999999994,59.25084999999994,6187
2026-07-01T00:00:00+00:00,59.25084999999994,59.475849999999944,59.091849999999944,59.328849999999946,14848
2026-07-01T01:00:00+00:00,59.328849999999946,59.542849999999945,58.34384999999995,58.53584999999995,49394
2026-07-01T02:00:00+00:00,58.53584999999995,58.752849999999945,58.31884999999994,58.542849999999945,27862
2026-07-01T03:00:00+00:00,58.542849999999945,58.86084999999994,58.533849999999944,58.664849999999944,12307
2026-07-01T04:00:00+00:00,58.664849999999944,58.712849999999946,58.414849999999944,58.508849999999946,9954
2026-07-01T05:00:00+00:00,58.508849999999946,58.572849999999946,58.24584999999994,58.36184999999994,23778
2026-07-01T06:00:00+00:00,58.36184999999994,58.48084999999994,58.011849999999946,58.295849999999945,28507
2026-07-01T07:00:00+00:00,58.295849999999945,58.56284999999994,58.078849999999946,58.545849999999945,20475
2026-07-01T08:00:00+00:00,58.545849999999945,58.75384999999994,58.35884999999994,58.56484999999994,15260
2026-07-01T09:00:00+00:00,58.56484999999994,58.93984999999994,58.465849999999946,58.880849999999946,12606
2026-07-01T10:00:00+00:00,58.880849999999946,59.127849999999945,58.75384999999994,59.11484999999994,14674
2026-07-01T11:00:00+00:00,59.11484999999994,60.00984999999994,59.072849999999946,59.76284999999994,23298
2026-07-01T12:00:00+00:00,59.76284999999994,59.87684999999994,59.48684999999994,59.658849999999944,30218
2026-07-01T13:00:00+00:00,59.658849999999944,61.563849999999945,59.16584999999994,61.145849999999946,101895
2026-07-01T14:00:00+00:00,61.145849999999946,61.85784999999994,60.97784999999994,61.19384999999994,86303
2026-07-01T15:00:00+00:00,61.19384999999994,61.29484999999994,60.88584999999994,61.045849999999945,44259
2026-07-01T16:00:00+00:00,61.045849999999945,61.271849999999944,60.895849999999946,60.92484999999994,25584
2026-07-01T17:00:00+00:00,60.92484999999994,61.00784999999994,60.688849999999945,60.706849999999946,23095
2026-07-01T18:00:00+00:00,60.706849999999946,60.843349999999944,60.45034999999994,60.568349999999946,16825.81493519852
2026-07-01T19:00:00+00:00,60.568349999999946,60.75634999999995,60.04234999999994,60.09434999999995,16995
2026-07-01T20:00:00+00:00,60.09434999999995,60.105349999999945,59.89634999999995,59.93784999999995,10575.756518314298
2026-07-01T22:00:00+00:00,59.93784999999995,60.31284999999994,59.889849999999946,60.28584999999994,6777.150864959099
2026-07-01T23:00:00+00:00,60.28584999999994,60.29184999999994,59.97984999999994,59.993849999999945,6061
2026-07-02T00:00:00+00:00,59.993849999999945,60.50384999999994,59.80384999999994,60.35284999999994,23323
2026-07-02T01:00:00+00:00,60.35284999999994,61.03784999999994,60.31284999999994,60.670849999999945,51905
2026-07-02T02:00:00+00:00,60.670849999999945,61.033849999999944,60.508849999999946,60.917849999999945,27169
2026-07-02T03:00:00+00:00,60.917849999999945,61.29984999999994,60.84084999999994,61.17284999999994,18172
2026-07-02T04:00:00+00:00,61.17284999999994,61.30684999999994,60.874849999999945,60.95284999999994,11160
2026-07-02T05:00:00+00:00,60.95284999999994,60.97784999999994,60.301849999999945,60.688849999999945,32859
2026-07-02T06:00:00+00:00,60.688849999999945,61.14884999999994,60.676849999999945,60.82184999999994,32974
2026-07-02T07:00:00+00:00,60.82184999999994,60.86784999999994,60.270849999999946,60.28884999999994,20481
2026-07-02T08:00:00+00:00,60.28884999999994,61.19884999999994,60.19684999999994,61.04484999999994,27540
2026-07-02T09:00:00+00:00,61.04484999999994,61.11384999999994,60.704849999999944,60.72684999999994,19983
2026-07-02T10:00:00+00:00,60.72684999999994,60.835849999999944,60.642849999999946,60.70884999999994,12314
2026-07-02T11:00:00+00:00,60.70884999999994,60.975849999999944,60.356849999999945,60.68084999999994,18984
2026-07-02T12:00:00+00:00,60.68084999999994,62.54784999999994,60.579849999999944,62.05684999999994,79327
2026-07-02T13:00:00+00:00,62.05684999999994,63.039849999999944,61.737849999999945,62.75084999999994,89408
2026-07-02T14:00:00+00:00,62.75084999999994,62.80084999999994,61.96484999999994,62.24784999999994,90953
2026-07-02T15:00:00+00:00,62.24784999999994,62.295849999999945,61.67484999999994,61.99584999999994,55329
2026-07-02T16:00:00+00:00,61.99584999999994,62.08384999999994,61.350849999999944,61.73284999999994,52312
2026-07-02T17:00:00+00:00,61.73284999999994,61.78584999999994,61.301849999999945,61.33984999999994,38893
2026-07-02T18:00:00+00:00,61.33984999999994,61.91084999999994,61.31484999999994,61.673849999999945,26775
2026-07-02T19:00:00+00:00,61.673849999999945,61.81584999999994,61.24784999999994,61.75484999999994,24998
2026-07-02T20:00:00+00:00,61.75484999999994,61.865849999999945,61.66584999999994,61.816849999999945,5850
2026-07-02T22:00:00+00:00,61.816849999999945,61.93684999999995,61.70884999999994,61.892849999999946,3913.5754716981132
2026-07-02T23:00:00+00:00,61.892849999999946,62.03284999999995,61.83984999999995,61.94284999999995,6171
2026-07-03T00:00:00+00:00,61.94284999999995,62.40084999999995,61.898849999999946,62.313849999999945,44610
2026-07-03T01:00:00+00:00,62.313849999999945,63.36484999999995,62.18984999999995,63.09984999999995,62874
2026-07-03T02:00:00+00:00,63.09984999999995,63.490849999999945,63.01684999999995,63.276849999999946,30399
2026-07-03T03:00:00+00:00,63.276849999999946,63.35184999999995,63.069849999999946,63.151849999999946,23761
2026-07-03T04:00:00+00:00,63.151849999999946,63.55084999999995,63.103849999999944,63.267849999999946,13588
2026-07-03T05:00:00+00:00,63.267849999999946,63.441849999999945,63.11084999999995,63.23284999999995,23936
2026-07-03T06:00:00+00:00,63.23284999999995,63.35484999999995,63.00184999999995,63.29784999999995,29651
2026-07-03T07:00:00+00:00,63.29784999999995,63.74184999999995,63.23884999999995,63.584849999999946,16368
2026-07-03T08:00:00+00:00,63.584849999999946,63.78184999999995,63.45584999999995,63.591849999999944,14638
2026-07-03T09:00:00+00:00,63.591849999999944,63.63284999999995,63.41884999999995,63.43784999999995,11718
2026-07-03T10:00:00+00:00,63.43784999999995,63.584849999999946,63.28284999999995,63.31184999999995,10092
2026-07-03T11:00:00+00:00,63.31184999999995,63.42484999999995,63.12684999999995,63.24584999999995,11240
2026-07-03T12:00:00+00:00,63.24584999999995,63.33084999999995,62.896849999999944,63.28784999999995,14673
2026-07-03T13:00:00+00:00,63.28784999999995,63.337849999999946,62.79384999999995,63.11084999999995,31591
2026-07-03T14:00:00+00:00,63.11084999999995,63.335849999999944,62.98284999999995,63.277849999999944,22099
2026-07-03T15:00:00+00:00,63.277849999999944,63.408849999999944,63.06484999999995,63.10984999999995,15358.129902932887
2026-07-03T16:00:00+00:00,63.10984999999995,63.328849999999946,63.10484999999995,63.26984999999995,12203
2026-07-03T17:00:00+00:00,63.26984999999995,63.28684999999995,62.209,62.225,71
2026-07-03T18:00:00+00:00,62.225,62.366,62.201,62.201,46
2026-07-03T19:00:00+00:00,62.201,62.343,62.195,62.199,27
2026-07-03T20:00:00+00:00,62.199,62.339,62.141,62.299,36
2026-07-05T22:00:00+00:00,62.498000000000005,63.251,62.39999999999999,63.173,12132.828357292052
2026-07-05T23:00:00+00:00,63.173,63.334,62.721000000000004,62.852000000000004,13339
2026-07-06T00:00:00+00:00,62.852000000000004,62.980000000000004,62.495000000000005,62.757,41089
2026-07-06T01:00:00+00:00,62.757,63.178000000000004,62.425000000000004,62.468,59534
2026-07-06T02:00:00+00:00,62.468,62.512,61.972,62.073,34725
2026-07-06T03:00:00+00:00,62.073,62.134,61.801,61.893,21516
2026-07-06T04:00:00+00:00,61.893,61.95,61.76,61.906,11720
2026-07-06T05:00:00+00:00,61.906,62.008,61.620000000000005,61.69,25914
2026-07-06T06:00:00+00:00,61.69,62.009,61.64,61.753,24781
2026-07-06T07:00:00+00:00,61.753,62.423,61.679,62.403,13326
2026-07-06T08:00:00+00:00,62.403,62.433,61.931000000000004,62.039,13349
2026-07-06T09:00:00+00:00,62.039,62.226,61.877,62.017,13931
2026-07-06T10:00:00+00:00,62.017,62.29,61.894,62.135,8841
2026-07-06T11:00:00+00:00,62.135,62.299,62.042,62.244,10767
2026-07-06T12:00:00+00:00,62.244,62.307,61.501,61.671,25745
2026-07-06T13:00:00+00:00,61.671,62.096000000000004,61.419000000000004,61.883,58686
2026-07-06T14:00:00+00:00,61.883,62.024,61.563,61.791000000000004,45312
2026-07-06T15:00:00+00:00,61.791000000000004,61.982,61.692,61.843,24783
2026-07-06T16:00:00+00:00,61.843,61.953,61.57,61.874,17121
2026-07-06T17:00:00+00:00,61.874,62.133,61.747,62.057,25170
2026-07-06T18:00:00+00:00,62.057,62.405,61.942,62.24,14435
2026-07-06T19:00:00+00:00,62.24,62.288000000000004,62.074,62.141,16228
2026-07-06T20:00:00+00:00,62.141,62.172000000000004,62.038000000000004,62.105000000000004,2679
2026-07-06T22:00:00+00:00,62.105000000000004,62.20099999999999,61.90599999999999,62.05999999999999,2679.044365989997
2026-07-06T23:00:00+00:00,62.05999999999999,62.12499999999999,61.79399999999999,61.80999999999999,3597
2026-07-07T00:00:00+00:00,61.80999999999999,62.081999999999994,61.50499999999999,61.52799999999999,33736
2026-07-07T01:00:00+00:00,61.52799999999999,61.63799999999999,60.95399999999999,61.57299999999999,52930
2026-07-07T02:00:00+00:00,61.57299999999999,61.73499999999999,61.24199999999999,61.33399999999999,27324
2026-07-07T03:00:00+00:00,61.33399999999999,61.44399999999999,60.94299999999999,61.14699999999999,20828
2026-07-07T04:00:00+00:00,61.14699999999999,61.34199999999999,60.87099999999999,60.904999999999994,13887
2026-07-07T05:00:00+00:00,60.904999999999994,61.00699999999999,60.346999999999994,60.602999999999994,29856
2026-07-07T06:00:00+00:00,60.602999999999994,61.331999999999994,60.60099999999999,61.17999999999999,26190
2026-07-07T07:00:00+00:00,61.17999999999999,61.20499999999999,60.852999999999994,60.86199999999999,16767
2026-07-07T08:00:00+00:00,60.86199999999999,61.44699999999999,60.83999999999999,60.97099999999999,17600
2026-07-07T09:00:00+00:00,60.97099999999999,61.05499999999999,60.78999999999999,60.92999999999999,17953
2026-07-07T10:00:00+00:00,60.92999999999999,61.15599999999999,60.79699999999999,60.83599999999999,17819
2026-07-07T11:00:00+00:00,60.83599999999999,61.43899999999999,60.68499999999999,61.41899999999999,17554
2026-07-07T12:00:00+00:00,61.41899999999999,61.77599999999999,61.36399999999999,61.67499999999999,28698
2026-07-07T13:00:00+00:00,61.67499999999999,61.96999999999999,61.13499999999999,61.35999999999999,68540
2026-07-07T14:00:00+00:00,61.35999999999999,61.57499999999999,60.68799999999999,60.96099999999999,78356
2026-07-07T15:00:00+00:00,60.96099999999999,61.10199999999999,60.50699999999999,60.67299999999999,48130
2026-07-07T16:00:00+00:00,60.67299999999999,61.04899999999999,60.65399999999999,60.96999999999999,24597
2026-07-07T17:00:00+00:00,60.96999999999999,61.22999999999999,60.78099999999999,61.05899999999999,22169
2026-07-07T18:00:00+00:00,61.05899999999999,61.07199999999999,60.45099999999999,60.48099999999999,29264
2026-07-07T19:00:00+00:00,60.48099999999999,60.51999999999999,59.48099999999999,60.28199999999999,59439
2026-07-07T20:00:00+00:00,60.28199999999999,60.51399999999999,59.916999999999994,59.98799999999999,11494
2026-07-07T22:00:00+00:00,59.98799999999999,60.048999999999985,59.54499999999999,59.716999999999985,9617.543718943423
2026-07-07T23:00:00+00:00,59.716999999999985,59.93099999999999,59.54499999999999,59.62999999999999,8540
2026-07-08T00:00:00+00:00,59.62999999999999,60.27299999999999,59.57199999999999,60.072999999999986,52469
2026-07-08T01:00:00+00:00,60.072999999999986,60.277999999999984,59.56599999999999,59.969999999999985,64423
2026-07-08T02:00:00+00:00,59.969999999999985,60.16999999999999,59.853999999999985,59.97799999999999,28351
2026-07-08T03:00:00+00:00,59.97799999999999,60.71199999999999,59.97799999999999,60.30899999999999,24895
2026-07-08T04:00:00+00:00,60.30899999999999,60.417999999999985,60.20699999999999,60.29799999999999,19174
2026-07-08T05:00:00+00:00,60.29799999999999,60.96099999999999,60.25999999999999,60.81899999999999,37029
2026-07-08T06:00:00+00:00,60.81899999999999,61.08499999999999,60.50799999999999,60.64399999999999,31517
2026-07-08T07:00:00+00:00,60.64399999999999,60.77999999999999,60.41399999999999,60.59299999999999,22112
2026-07-08T08:00:00+00:00,60.59299999999999,60.64799999999999,58.12599999999999,58.34899999999999,82784
2026-07-08T09:00:00+00:00,58.34899999999999,58.77899999999999,58.18799999999999,58.25199999999999,46721
2026-07-08T10:00:00+00:00,58.25199999999999,58.85799999999999,58.25199999999999,58.35899999999999,36749
2026-07-08T11:00:00+00:00,58.35899999999999,59.01799999999999,58.01599999999999,58.71199999999999,43875
2026-07-08T12:00:00+00:00,58.71199999999999,58.96299999999999,58.264999999999986,58.51399999999999,50325
2026-07-08T13:00:00+00:00,58.51399999999999,58.94299999999999,58.24499999999999,58.389999999999986,89410
2026-07-08T14:00:00+00:00,58.389999999999986,58.51999999999999,57.56599999999999,57.76599999999999,88444
2026-07-08T15:00:00+00:00,57.76599999999999,57.87099999999999,57.176999999999985,57.359999999999985,66610
2026-07-08T16:00:00+00:00,57.359999999999985,57.98699999999999,57.30699999999999,57.87699999999999,49271
2026-07-08T17:00:00+00:00,57.87699999999999,58.45699999999999,57.746999999999986,58.07799999999999,35893
2026-07-08T18:00:00+00:00,58.07799999999999,58.74194999999998,58.048999999999985,58.487949999999984,37414.22770235436
2026-07-08T19:00:00+00:00,58.487949999999984,58.65894999999998,58.32394999999998,58.37294999999998,28460
2026-07-08T20:00:00+00:00,58.37294999999998,58.517949999999985,58.08694999999998,58.13894999999999,7005
2026-07-08T22:00:00+00:00,58.13894999999999,58.62994999999999,58.04294999999998,58.499949999999984,6934.569585637001
2026-07-08T23:00:00+00:00,58.499949999999984,58.60194999999999,58.41294999999999,58.54594999999998,5996
2026-07-09T00:00:00+00:00,58.54594999999998,58.85194999999999,58.380949999999984,58.42494999999998,36352
2026-07-09T01:00:00+00:00,58.42494999999998,58.67094999999998,57.92494999999998,58.310949999999984,59180
2026-07-09T02:00:00+00:00,58.310949999999984,58.615949999999984,57.96994999999998,57.980949999999986,34271
2026-07-09T03:00:00+00:00,57.980949999999986,58.09594999999999,57.69294999999998,57.99194999999998,32406
2026-07-09T04:00:00+00:00,57.99194999999998,58.121949999999984,57.80294999999998,58.102949999999986,20668
2026-07-09T05:00:00+00:00,58.102949999999986,58.63294999999999,58.017949999999985,58.55294999999998,38240
2026-07-09T06:00:00+00:00,58.55294999999998,59.27894999999999,58.538949999999986,59.136949999999985,41639
2026-07-09T07:00:00+00:00,59.136949999999985,59.40094999999999,59.08094999999999,59.32494999999999,20217
2026-07-09T08:00:00+00:00,59.32494999999999,59.587949999999985,59.23194999999998,59.291949999999986,20321
2026-07-09T09:00:00+00:00,59.291949999999986,59.35694999999998,59.173949999999984,59.27494999999998,16419
2026-07-09T10:00:00+00:00,59.27494999999998,59.30894999999998,58.82794999999999,58.94894999999998,18037
2026-07-09T11:00:00+00:00,58.94894999999998,59.224949999999986,58.904949999999985,59.12594999999998,19970
2026-07-09T12:00:00+00:00,59.12594999999998,59.834949999999985,59.01694999999999,59.428949999999986,28795
2026-07-09T13:00:00+00:00,59.428949999999986,60.426949999999984,59.31194999999998,60.349949999999986,56591
2026-07-09T14:00:00+00:00,60.349949999999986,60.706949999999985,59.956949999999985,60.36994999999998,59952
2026-07-09T15:00:00+00:00,60.36994999999998,60.618949999999984,60.30894999999998,60.432949999999984,30378
2026-07-09T16:00:00+00:00,60.432949999999984,60.724949999999986,60.398949999999985,60.49794999999998,22857
2026-07-09T17:00:00+00:00,60.49794999999998,60.57194999999999,60.29594999999998,60.52594999999999,19106
2026-07-09T18:00:00+00:00,60.52594999999999,60.53394999999998,60.090949999999985,60.148949999999985,11748
2026-07-09T19:00:00+00:00,60.148949999999985,60.25994999999998,59.96994999999998,60.011949999999985,10519
2026-07-09T20:00:00+00:00,60.011949999999985,60.194949999999984,59.968949999999985,60.054949999999984,3962
2026-07-09T22:00:00+00:00,60.054949999999984,60.23494999999998,60.03194999999997,60.13394999999998,3940.359813084112
2026-07-09T23:00:00+00:00,60.13394999999998,60.25494999999997,60.11294999999998,60.22494999999997,2284
2026-07-10T00:00:00+00:00,60.22494999999997,60.44994999999997,59.94994999999997,60.393949999999975,18268
2026-07-10T01:00:00+00:00,60.393949999999975,60.707949999999975,59.97494999999997,60.33494999999998,47462
2026-07-10T02:00:00+00:00,60.33494999999998,60.83094999999997,60.274949999999976,60.643949999999975,22654
2026-07-10T03:00:00+00:00,60.643949999999975,60.981949999999976,60.527949999999976,60.62494999999998,18405
2026-07-10T04:00:00+00:00,60.62494999999998,60.76494999999998,60.512949999999975,60.56294999999997,9520
2026-07-10T05:00:00+00:00,60.56294999999997,60.58994999999997,60.131949999999975,60.44394999999997,19500
2026-07-10T06:00:00+00:00,60.44394999999997,60.62194999999998,60.23094999999997,60.28194999999997,27528
2026-07-10T07:00:00+00:00,60.28194999999997,60.42594999999997,60.009949999999975,60.149949999999976,15061
2026-07-10T08:00:00+00:00,60.149949999999976,60.198949999999975,59.58994999999997,59.735949999999974,17302
2026-07-10T09:00:00+00:00,59.735949999999974,59.902949999999976,59.61594999999998,59.707949999999975,13079
2026-07-10T10:00:00+00:00,59.707949999999975,59.93294999999998,59.50294999999998,59.51194999999998,11798
2026-07-10T11:00:00+00:00,59.51194999999998,59.790949999999974,59.48694999999997,59.63694999999998,13879
2026-07-10T12:00:00+00:00,59.63694999999998,60.222949999999976,59.56694999999998,59.844949999999976,25877
2026-07-10T13:00:00+00:00,59.844949999999976,60.11594999999998,59.555949999999974,59.93894999999998,50472
2026-07-10T14:00:00+00:00,59.93894999999998,60.28594999999997,59.33194999999998,59.65794999999997,59555
2026-07-10T15:00:00+00:00,59.65794999999997,60.21194999999997,59.62494999999998,60.17994999999998,32754
2026-07-10T16:00:00+00:00,60.17994999999998,60.241949999999974,59.933949999999975,59.94094999999997,19459
2026-07-10T17:00:00+00:00,59.94094999999997,60.01794999999998,59.744949999999974,59.75194999999997,22335
2026-07-10T18:00:00+00:00,59.75194999999997,59.914949999999976,59.73394999999997,59.783949999999976,18009
2026-07-10T19:00:00+00:00,59.783949999999976,59.918949999999974,59.713949999999976,59.908949999999976,10178
2026-07-10T20:00:00+00:00,59.908949999999976,60.128949999999975,59.89494999999997,59.98944999999998,3603.067975281716
2026-07-12T22:00:00+00:00,59.98944999999998,60.28744999999998,58.794449999999976,59.039449999999974,24772.998356108088
2026-07-12T23:00:00+00:00,59.039449999999974,59.26944999999998,58.91544999999998,59.24144999999998,12527
2026-07-13T00:00:00+00:00,59.24144999999998,59.68444999999998,58.974449999999976,59.103449999999974,38829
2026-07-13T01:00:00+00:00,59.103449999999974,59.50044999999997,58.731449999999974,58.79944999999998,57035
2026-07-13T02:00:00+00:00,58.79944999999998,58.91544999999998,58.56844999999998,58.69244999999997,31037
2026-07-13T03:00:00+00:00,58.69244999999997,58.722449999999974,58.31844999999998,58.481449999999974,17514
2026-07-13T04:00:00+00:00,58.481449999999974,58.57344999999997,58.301449999999974,58.538449999999976,8935
2026-07-13T05:00:00+00:00,58.538449999999976,58.83644999999998,58.22944999999998,58.35144999999998,26541
2026-07-13T06:00:00+00:00,58.35144999999998,58.599449999999976,58.01244999999997,58.267449999999975,30872
2026-07-13T07:00:00+00:00,58.267449999999975,58.82744999999998,58.15244999999997,58.801449999999974,18645
2026-07-13T08:00:00+00:00,58.801449999999974,59.291449999999976,58.801449999999974,59.167449999999974,18547
2026-07-13T09:00:00+00:00,59.167449999999974,59.18644999999997,58.74144999999998,58.761449999999975,12101
2026-07-13T10:00:00+00:00,58.761449999999975,58.962449999999976,58.578449999999975,58.71944999999997,15654
2026-07-13T11:00:00+00:00,58.71944999999997,59.06444999999997,58.62544999999997,58.843449999999976,20063
2026-07-13T12:00:00+00:00,58.843449999999976,58.99544999999998,58.53744999999998,58.977449999999976,26478
2026-07-13T13:00:00+00:00,58.977449999999976,59.02244999999998,58.343449999999976,58.48944999999998,59463
2026-07-13T14:00:00+00:00,58.48944999999998,58.56444999999997,57.83244999999997,58.42244999999998,83073
2026-07-13T15:00:00+00:00,58.42244999999998,58.600449999999974,58.20544999999998,58.291449999999976,45050
2026-07-13T16:00:00+00:00,58.291449999999976,58.472449999999974,57.70544999999998,57.914449999999974,38435
2026-07-13T17:00:00+00:00,57.914449999999974,58.07744999999998,57.57044999999997,57.621449999999975,24356
2026-07-13T18:00:00+00:00,57.621449999999975,58.139449999999975,57.57944999999997,57.904449999999976,27490
2026-07-13T19:00:00+00:00,57.904449999999976,58.154449999999976,57.700449999999975,57.99844999999998,21822
2026-07-13T20:00:00+00:00,57.99844999999998,58.08944999999998,57.810449999999975,57.94344999999998,7347
2026-07-13T22:00:00+00:00,57.94344999999998,58.456449999999975,57.94344999999998,58.33944999999997,5092.719967199672
2026-07-13T23:00:00+00:00,58.33944999999997,58.349449999999976,58.121449999999975,58.331449999999975,7695
2026-07-14T00:00:00+00:00,58.331449999999975,58.40044999999997,57.73644999999997,58.21144999999997,46662
2026-07-14T01:00:00+00:00,58.21144999999997,58.228449999999974,57.59444999999997,58.15344999999997,54512
2026-07-14T02:00:00+00:00,58.15344999999997,58.502449999999975,58.041449999999976,58.30844999999997,27180
2026-07-14T03:00:00+00:00,58.30844999999997,58.52144999999997,58.057449999999974,58.408449999999974,19045
2026-07-14T04:00:00+00:00,58.408449999999974,58.69544999999997,58.25744999999997,58.54644999999997,10822
2026-07-14T05:00:00+00:00,58.54644999999997,59.160449999999976,58.53044999999997,58.96944999999997,21333
2026-07-14T06:00:00+00:00,58.96944999999997,59.014449999999975,58.73844999999997,58.89444999999997,21805
2026-07-14T07:00:00+00:00,58.89444999999997,59.04344999999997,58.66244999999997,58.70144999999997,20988
2026-07-14T08:00:00+00:00,58.70144999999997,58.865449999999974,58.56844999999997,58.700449999999975,19969
2026-07-14T09:00:00+00:00,58.700449999999975,58.917449999999974,58.679449999999974,58.83344999999997,15397
2026-07-14T10:00:00+00:00,58.83344999999997,58.852449999999976,58.57044999999997,58.57944999999997,14083
2026-07-14T11:00:00+00:00,58.57944999999997,58.846449999999976,58.459449999999975,58.80044999999997,19975
2026-07-14T12:00:00+00:00,58.80044999999997,60.40044999999997,58.52544999999997,59.74144999999997,63974
2026-07-14T13:00:00+00:00,59.74144999999997,60.283449999999974,59.59444999999997,59.813449999999975,71928
2026-07-14T14:00:00+00:00,59.813449999999975,60.25944999999997,59.58344999999997,60.023449999999976,80988
2026-07-14T15:00:00+00:00,60.023449999999976,60.40544999999997,59.46044999999997,59.51044999999997,53212
2026-07-14T16:00:00+00:00,59.51044999999997,59.62344999999997,59.352449999999976,59.471449999999976,28124
2026-07-14T17:00:00+00:00,59.471449999999976,59.56444999999997,59.31544999999997,59.53144999999997,15277
2026-07-14T18:00:00+00:00,59.53144999999997,59.59144999999997,59.20544999999997,59.35844999999997,17854
2026-07-14T19:00:00+00:00,59.35844999999997,59.618449999999974,59.32344999999997,59.536449999999974,13623
2026-07-14T20:00:00+00:00,59.536449999999974,59.57744999999997,59.343449999999976,59.42744999999997,4101
2026-07-14T22:00:00+00:00,59.42744999999997,59.616449999999965,59.42744999999997,59.518449999999966,3347.532786885246
2026-07-14T23:00:00+00:00,59.518449999999966,59.70644999999997,59.47844999999997,59.65344999999997,3585
2026-07-15T00:00:00+00:00,59.65344999999997,59.94644999999997,59.585449999999966,59.80144999999997,26366
2026-07-15T01:00:00+00:00,59.80144999999997,59.92844999999997,59.250449999999965,59.28244999999997,53146
2026-07-15T02:00:00+00:00,59.28244999999997,59.576449999999966,59.09944999999997,59.39744999999997,29865
2026-07-15T03:00:00+00:00,59.39744999999997,59.558449999999965,59.05344999999997,59.25444999999997,23911
2026-07-15T04:00:00+00:00,59.25444999999997,59.372449999999965,59.20244999999997,59.33944999999997,12228
2026-07-15T05:00:00+00:00,59.33944999999997,59.54044999999997,58.98344999999997,59.39544999999997,31152
2026-07-15T06:00:00+00:00,59.39544999999997,59.427449999999965,58.89844999999997,59.21144999999997,31945
2026-07-15T07:00:00+00:00,59.21144999999997,59.52044999999997,58.85444999999997,59.01344999999997,23568
2026-07-15T08:00:00+00:00,59.01344999999997,59.27244999999997,58.91444999999997,59.22844999999997,23337
2026-07-15T09:00:00+00:00,59.22844999999997,59.40944999999997,59.07844999999997,59.12944999999997,20875
2026-07-15T10:00:00+00:00,59.12944999999997,59.16244999999997,58.77244999999997,58.84644999999997,22205
2026-07-15T11:00:00+00:00,58.84644999999997,59.20044999999997,58.69344999999997,59.02244999999997,21918
2026-07-15T12:00:00+00:00,59.02244999999997,59.59544999999997,58.65944999999997,59.497449999999965,44798
2026-07-15T13:00:00+00:00,59.497449999999965,59.80644999999997,59.01344999999997,59.19644999999997,63338
2026-07-15T14:00:00+00:00,59.19644999999997,59.32244999999997,58.82844999999997,58.97744999999997,74638
2026-07-15T15:00:00+00:00,58.97744999999997,59.18744999999997,58.31044999999997,58.500449999999965,60619
2026-07-15T16:00:00+00:00,58.500449999999965,58.55344999999997,57.46744999999997,57.73944999999997,54496
2026-07-15T17:00:00+00:00,57.73944999999997,58.60844999999997,57.70944999999997,58.524449999999966,38210
2026-07-15T18:00:00+00:00,58.524449999999966,59.26144999999997,58.50744999999997,58.750449999999965,38265
2026-07-15T19:00:00+00:00,58.750449999999965,58.90644999999997,58.46244999999997,58.60244999999997,37843
2026-07-15T20:00:00+00:00,58.60244999999997,58.79544999999997,58.54144999999997,58.60944999999997,5399
2026-07-15T22:00:00+00:00,58.60944999999997,58.875449999999965,58.59244999999996,58.765449999999966,4681.081864042755
2026-07-15T23:00:00+00:00,58.765449999999966,58.83744999999997,58.71244999999997,58.747449999999965,4352.273384379785
2026-07-16T00:00:00+00:00,58.747449999999965,58.893449999999966,58.38844999999997,58.430449999999965,22630
2026-07-16T01:00:00+00:00,58.430449999999965,58.57744999999997,57.844449999999966,58.06244999999997,45103
2026-07-16T02:00:00+00:00,58.06244999999997,58.14244999999997,57.820449999999965,58.09644999999997,26843
2026-07-16T03:00:00+00:00,58.09644999999997,58.204449999999966,57.893449999999966,58.17844999999997,15354
2026-07-16T04:00:00+00:00,58.17844999999997,58.20344999999997,57.991449999999965,58.040449999999964,9441
2026-07-16T05:00:00+00:00,58.040449999999964,58.26044999999997,57.90744999999997,58.13244999999997,24847
2026-07-16T06:00:00+00:00,58.13244999999997,58.42644999999997,57.80644999999997,58.13644999999997,30568
2026-07-16T07:00:00+00:00,58.13644999999997,58.165449999999964,57.674449999999965,57.81344999999997,19590
2026-07-16T08:00:00+00:00,57.81344999999997,58.02544999999997,57.53144999999997,58.01044999999997,20304
2026-07-16T09:00:00+00:00,58.01044999999997,58.088449999999966,57.84244999999997,57.89744999999997,12138
2026-07-16T10:00:00+00:00,57.89744999999997,57.909449999999964,57.48444999999997,57.521449999999966,13149
2026-07-16T11:00:00+00:00,57.521449999999966,57.83644999999997,57.372449999999965,57.70544999999997,26648
2026-07-16T12:00:00+00:00,57.70544999999997,57.787449999999964,56.71444999999997,56.80444999999997,50140
2026-07-16T13:00:00+00:00,56.80444999999997,57.38344999999997,56.42344999999997,56.68844999999997,61858
2026-07-16T14:00:00+00:00,56.68844999999997,57.27544999999997,56.61244999999997,57.09344999999997,59123
2026-07-16T15:00:00+00:00,57.09344999999997,57.57844999999997,56.93544999999997,57.26444999999997,48599
2026-07-16T16:00:00+00:00,57.26444999999997,57.27644999999997,56.777449999999966,57.027449999999966,39829
2026-07-16T17:00:00+00:00,57.027449999999966,57.08344999999997,56.57444999999997,56.66944999999997,27075
2026-07-16T18:00:00+00:00,56.66944999999997,56.89744999999997,56.30144999999997,56.51944999999997,25006
2026-07-16T19:00:00+00:00,56.51944999999997,56.723449999999964,56.335449999999966,56.70944999999997,24271
2026-07-16T20:00:00+00:00,56.70944999999997,56.71444999999997,56.37944999999997,56.460449999999966,7508
2026-07-16T22:00:00+00:00,56.460449999999966,56.86344999999997,56.460449999999966,56.69544999999997,4058.5260485150757
2026-07-16T23:00:00+00:00,56.69544999999997,56.74144999999997,56.54944999999997,56.72344999999997,5364
2026-07-17T00:00:00+00:00,56.72344999999997,56.93544999999997,56.50144999999997,56.90444999999997,24069
2026-07-17T01:00:00+00:00,56.90444999999997,56.92544999999997,56.19144999999997,56.36244999999997,44075
2026-07-17T02:00:00+00:00,56.36244999999997,56.46444999999997,55.91444999999997,56.07444999999997,29820
2026-07-17T03:00:00+00:00,56.07444999999997,56.91544999999997,56.07344999999997,56.54644999999997,24687
2026-07-17T04:00:00+00:00,56.54644999999997,56.57244999999997,56.24944999999997,56.35544999999997,14266
2026-07-17T05:00:00+00:00,56.35544999999997,56.71544999999997,56.07844999999997,56.61344999999997,32999
2026-07-17T06:00:00+00:00,56.61344999999997,57.15044999999997,56.59944999999997,56.66144999999997,33247
2026-07-17T07:00:00+00:00,56.66144999999997,56.75944999999997,56.52644999999997,56.582449999999966,21062
2026-07-17T08:00:00+00:00,56.582449999999966,56.81744999999997,56.35444999999997,56.61044999999997,27098
2026-07-17T09:00:00+00:00,56.61044999999997,56.87544999999997,56.60044999999997,56.71744999999997,15640
2026-07-17T10:00:00+00:00,56.71744999999997,56.73244999999997,56.41944999999997,56.42044999999997,13829
2026-07-17T11:00:00+00:00,56.42044999999997,56.71844999999997,56.40044999999997,56.57044999999997,16839
2026-07-17T12:00:00+00:00,56.57044999999997,56.60744999999997,56.13744999999997,56.22144999999997,29406
2026-07-17T13:00:00+00:00,56.22144999999997,56.95344999999997,56.01544999999997,56.94044999999997,83289
2026-07-17T14:00:00+00:00,56.94044999999997,57.13744999999997,56.67544999999997,56.84744999999997,100635
2026-07-17T15:00:00+00:00,56.84744999999997,57.48144999999997,56.78244999999997,57.23844999999997,62038
2026-07-17T16:00:00+00:00,57.23844999999997,57.24944999999997,57.030449999999966,57.15744999999997,39215
2026-07-17T17:00:00+00:00,57.15744999999997,57.34044999999997,57.03244999999997,57.08744999999997,25357
2026-07-17T18:00:00+00:00,57.08744999999997,57.34044999999997,57.03244999999997,57.27544999999997,21609
2026-07-17T19:00:00+00:00,57.27544999999997,57.34644999999997,57.01244999999997,57.30844999999997,21157
2026-07-17T20:00:00+00:00,57.30844999999997,57.341449999999966,56.98644999999997,57.00544999999997,8361
2026-07-19T22:00:00+00:00,57.00544999999997,57.10944999999997,56.61944999999997,56.82744999999997,12879.707493040958
2026-07-19T23:00:00+00:00,56.82744999999997,57.00744999999997,56.76044999999997,57.00744999999997,12693
2026-07-20T00:00:00+00:00,57.00744999999997,57.785449999999976,56.724449999999976,57.71344999999997,47285
2026-07-20T01:00:00+00:00,57.71344999999997,57.977449999999976,57.46444999999997,57.75644999999997,53328
2026-07-20T02:00:00+00:00,57.75644999999997,58.45244999999997,57.71444999999997,58.301449999999974,37546
2026-07-20T03:00:00+00:00,58.301449999999974,58.475449999999974,58.099449999999976,58.14944999999997,27417
2026-07-20T04:00:00+00:00,58.14944999999997,58.31244999999997,57.974449999999976,58.005449999999975,15303
2026-07-20T05:00:00+00:00,58.005449999999975,58.05844999999997,57.57644999999997,57.61444999999997,34414
2026-07-20T06:00:00+00:00,57.61444999999997,57.82444999999997,57.52244999999997,57.542449999999974,23499
2026-07-20T07:00:00+00:00,57.542449999999974,58.142449999999975,57.47944999999997,58.12044999999997,25052
2026-07-20T08:00:00+00:00,58.12044999999997,58.307449999999974,57.89944999999997,57.926449999999974,20524
2026-07-20T09:00:00+00:00,57.926449999999974,58.206449999999975,57.804449999999974,58.10844999999997,15502
2026-07-20T10:00:00+00:00,58.10844999999997,58.10844999999997,57.914449999999974,57.93144999999997,11997
2026-07-20T11:00:00+00:00,57.93144999999997,58.58044999999997,57.91844999999997,58.19844999999997,33704
2026-07-20T12:00:00+00:00,58.19844999999997,58.20544999999997,57.74244999999997,57.85844999999997,30960
2026-07-20T13:00:00+00:00,57.85844999999997,58.16844999999997,57.74444999999997,57.87544999999997,54144
2026-07-20T14:00:00+00:00,57.87544999999997,58.13244999999997,57.49544999999997,57.86644999999997,46287
2026-07-20T15:00:00+00:00,57.86644999999997,58.285449999999976,57.786449999999974,58.042449999999974,36934
2026-07-20T16:00:00+00:00,58.042449999999974,58.279449999999976,57.68444999999997,57.93044999999997,28785
2026-07-20T17:00:00+00:00,57.93044999999997,58.078449999999975,57.74444999999997,57.871449999999975,30193
2026-07-20T18:00:00+00:00,57.871449999999975,57.971449999999976,57.59844999999997,57.69344999999997,28367
2026-07-20T19:00:00+00:00,57.69344999999997,57.90644999999997,57.47344999999997,57.514449999999975,21635
2026-07-20T20:00:00+00:00,57.514449999999975,57.58044999999997,57.471449999999976,57.48644999999997,3573
2026-07-20T22:00:00+00:00,57.48644999999997,57.61244999999997,57.27044999999997,57.32944999999997,7150.692715162322
2026-07-20T23:00:00+00:00,57.32944999999997,57.55844999999997,57.32444999999997,57.51444999999997,6153
2026-07-21T00:00:00+00:00,57.51444999999997,58.08144999999997,57.35144999999997,58.06144999999997,46154
2026-07-21T01:00:00+00:00,58.06144999999997,58.37344999999997,57.96444999999997,58.07144999999997,55326
2026-07-21T02:00:00+00:00,58.07144999999997,58.99244999999997,57.96844999999997,58.73244999999997,45433
2026-07-21T03:00:00+00:00,58.73244999999997,59.01544999999997,58.70644999999997,58.98244999999997,27262
2026-07-21T04:00:00+00:00,58.98244999999997,59.07344999999997,58.88444999999997,59.03744999999997,15866
2026-07-21T05:00:00+00:00,59.03744999999997,59.35844999999997,58.98944999999997,59.24644999999997,27687
2026-07-21T06:00:00+00:00,59.24644999999997,60.11944999999997,59.23644999999997,60.02944999999997,35303
2026-07-21T07:00:00+00:00,60.02944999999997,60.31344999999997,59.95444999999997,60.29744999999997,22334
2026-07-21T08:00:00+00:00,60.29744999999997,60.35144999999997,60.05144999999997,60.12344999999997,18497
2026-07-21T09:00:00+00:00,60.12344999999997,60.40544999999997,60.12344999999997,60.23644999999997,18089
2026-07-21T10:00:00+00:00,60.23644999999997,60.35644999999997,60.03244999999997,60.05844999999997,20755
2026-07-21T11:00:00+00:00,60.05844999999997,60.08744999999997,59.83444999999997,59.99244999999997,18935
2026-07-21T12:00:00+00:00,59.99244999999997,60.35144999999997,59.97044999999997,60.05844999999997,29869
2026-07-21T13:00:00+00:00,60.05844999999997,60.19144999999997,59.408449999999974,59.59444999999997,66493
2026-07-21T14:00:00+00:00,59.59444999999997,60.29844999999997,59.59444999999997,60.10644999999997,62482
2026-07-21T15:00:00+00:00,60.10644999999997,60.36544999999997,59.98744999999997,60.10744999999997,38653
2026-07-21T16:00:00+00:00,60.10744999999997,60.26644999999997,59.94544999999997,59.99044999999997,13999
2026-07-21T17:00:00+00:00,59.99044999999997,60.05644999999997,59.84544999999997,59.90344999999997,15298
2026-07-21T18:00:00+00:00,59.90344999999997,60.17244999999997,59.86944999999997,60.03544999999997,19366
2026-07-21T19:00:00+00:00,60.03544999999997,60.09144999999997,59.86844999999997,59.88844999999997,14878
2026-07-21T20:00:00+00:00,59.88844999999997,60.14844999999997,59.82544999999997,59.94644999999997,6321
2026-07-21T22:00:00+00:00,59.94644999999997,60.280449999999966,59.94644999999997,60.143449999999966,5156.337736206788
2026-07-21T23:00:00+00:00,60.143449999999966,60.24244999999996,60.10344999999997,60.232449999999965,3104
2026-07-22T00:00:00+00:00,60.232449999999965,60.720449999999964,60.14844999999996,60.582449999999966,24025
2026-07-22T01:00:00+00:00,60.582449999999966,61.34744999999997,60.54844999999997,61.333449999999964,41813
2026-07-22T02:00:00+00:00,61.333449999999964,61.44044999999996,60.89444999999996,60.979449999999964,32169
2026-07-22T03:00:00+00:00,60.979449999999964,61.35544999999996,60.95044999999996,61.16944999999996,19891
2026-07-22T04:00:00+00:00,61.16944999999996,61.19044999999996,60.94744999999996,61.05644999999996,10774
2026-07-22T05:00:00+00:00,61.05644999999996,61.165449999999964,60.82844999999996,61.04844999999997,26263
2026-07-22T06:00:00+00:00,61.04844999999997,61.17644999999997,60.58144999999996,60.649449999999966,31777
2026-07-22T07:00:00+00:00,60.649449999999966,60.881449999999965,60.45344999999996,60.509449999999966,20576
2026-07-22T08:00:00+00:00,60.509449999999966,60.909449999999964,60.509449999999966,60.869449999999965,19645
2026-07-22T09:00:00+00:00,60.869449999999965,61.09644999999996,60.720449999999964,60.750449999999965,17599
2026-07-22T10:00:00+00:00,60.750449999999965,60.89244999999996,60.686449999999965,60.717449999999964,16923
2026-07-22T11:00:00+00:00,60.717449999999964,60.808449999999965,60.48144999999997,60.72244999999997,19507
2026-07-22T12:00:00+00:00,60.72244999999997,60.92944999999997,60.27344999999996,60.427449999999965,29904
2026-07-22T13:00:00+00:00,60.427449999999965,61.933449999999965,60.397449999999964,61.87344999999996,60036
2026-07-22T14:00:00+00:00,61.87344999999996,62.30644999999996,61.479449999999964,61.60044999999997,54020
2026-07-22T15:00:00+00:00,61.60044999999997,61.80044999999996,61.524449999999966,61.62344999999996,28801
2026-07-22T16:00:00+00:00,61.62344999999996,61.656449999999964,61.262449999999966,61.415449999999964,25916
2026-07-22T17:00:00+00:00,61.415449999999964,61.525449999999964,61.13544999999996,61.35044999999997,23862
2026-07-22T18:00:00+00:00,61.35044999999997,61.38844999999996,61.152449999999966,61.26144999999996,20433
2026-07-22T19:00:00+00:00,61.26144999999996,61.41444999999997,60.92244999999996,61.02644999999996,18296
2026-07-22T20:00:00+00:00,61.02644999999996,61.302449999999965,60.969449999999966,61.12944999999996,13739
2026-07-22T22:00:00+00:00,61.12944999999996,61.34944999999996,60.81044999999996,60.86844999999997,15231.323222277475
2026-07-22T23:00:00+00:00,60.86844999999997,61.23144999999997,60.814449999999965,61.21544999999996,8146
2026-07-23T00:00:00+00:00,61.21544999999996,61.464449999999964,61.12744999999996,61.35544999999996,19375
2026-07-23T01:00:00+00:00,61.35544999999996,61.561449999999965,60.91144999999997,61.01044999999996,48115
2026-07-23T02:00:00+00:00,61.01044999999996,61.366449999999965,60.91444999999997,61.34744999999997,31549
2026-07-23T03:00:00+00:00,61.34744999999997,61.40844999999997,61.180449999999965,61.24044999999997,17445
2026-07-23T04:00:00+00:00,61.24044999999997,61.406449999999964,61.08744999999996,61.12044999999996,10167
2026-07-23T05:00:00+00:00,61.12044999999996,61.37744999999996,61.040449999999964,61.11144999999996,21256
2026-07-23T06:00:00+00:00,61.11144999999996,61.210449999999966,60.896449999999966,60.93844999999996,21947
2026-07-23T07:00:00+00:00,60.93844999999996,60.94144999999996,60.16144999999997,60.43544999999996,27977
2026-07-23T08:00:00+00:00,60.43544999999996,60.51344999999996,60.17544999999996,60.363449999999965,24021
2026-07-23T09:00:00+00:00,60.363449999999965,60.512449999999966,60.208449999999964,60.23644999999996,19274
2026-07-23T10:00:00+00:00,60.23644999999996,60.34044999999996,60.079449999999966,60.241449999999965,18868
2026-07-23T11:00:00+00:00,60.241449999999965,60.26444999999996,59.585449999999966,60.01644999999996,24195
2026-07-23T12:00:00+00:00,60.01644999999996,60.027449999999966,59.14144999999996,59.147449999999964,37832
2026-07-23T13:00:00+00:00,59.147449999999964,59.53344999999997,58.55044999999996,59.11244999999997,74532
2026-07-23T14:00:00+00:00,59.11244999999997,59.47844999999997,59.052449999999965,59.271449999999966,61273
2026-07-23T15:00:00+00:00,59.271449999999966,59.31044999999996,58.78244999999996,59.08144999999996,44283
2026-07-23T16:00:00+00:00,59.08144999999996,59.338449999999966,59.08144999999996,59.31544999999996,20936
2026-07-23T17:00:00+00:00,59.31544999999996,59.41744999999997,58.98744999999997,58.99644999999996,31422
2026-07-23T18:00:00+00:00,58.99644999999996,59.13644999999996,58.89444999999996,59.064449999999965,22360
2026-07-23T19:00:00+00:00,59.064449999999965,59.24644999999996,58.94144999999996,59.085449999999966,14382
2026-07-23T20:00:00+00:00,59.085449999999966,59.24944999999996,59.04244999999997,59.06344999999996,5388
2026-07-23T22:00:00+00:00,59.06344999999996,59.366449999999965,59.06344999999996,59.30344999999996,2713.671526090568
2026-07-23T23:00:00+00:00,59.30344999999996,59.31244999999996,59.17544999999996,59.183449999999965,4529
2026-07-24T00:00:00+00:00,59.183449999999965,59.51744999999996,59.015449999999966,59.49944999999996,14311
2026-07-24T01:00:00+00:00,59.49944999999996,59.543449999999964,59.02444999999996,59.29744999999996,36028
2026-07-24T02:00:00+00:00,59.29744999999996,59.436449999999965,58.73344999999996,58.836449999999964,26888
2026-07-24T03:00:00+00:00,58.836449999999964,59.049449999999965,58.738449999999965,58.933449999999965,16502
2026-07-24T04:00:00+00:00,58.933449999999965,59.125449999999965,58.820449999999965,58.957449999999966,7016
2026-07-24T05:00:00+00:00,58.957449999999966,59.25144999999996,58.90244999999996,58.98044999999996,21510
2026-07-24T06:00:00+00:00,58.98044999999996,59.454449999999966,58.92644999999996,59.369449999999965,24879
2026-07-24T07:00:00+00:00,59.369449999999965,60.067449999999965,59.34144999999996,59.832449999999966,23928
2026-07-24T08:00:00+00:00,59.832449999999966,59.97844999999996,59.69744999999996,59.94144999999996,16970
2026-07-24T09:00:00+00:00,59.94144999999996,60.119449999999965,59.90844999999996,60.073449999999966,13431
2026-07-24T10:00:00+00:00,60.073449999999966,60.32244999999996,60.022449999999964,60.03544999999996,10710
2026-07-24T11:00:00+00:00,60.03544999999996,60.198449999999966,59.87344999999996,60.098449999999964,14030
2026-07-24T12:00:00+00:00,60.098449999999964,60.281449999999964,59.90844999999996,60.06044999999996,23193
2026-07-24T13:00:00+00:00,60.06044999999996,60.15444999999996,59.491449999999965,60.006449999999965,52969
2026-07-24T14:00:00+00:00,60.006449999999965,60.33144999999996,59.80944999999996,60.15144999999996,51567
2026-07-24T15:00:00+00:00,60.15144999999996,60.63044999999996,60.015449999999966,60.54444999999996,54821
2026-07-24T16:00:00+00:00,60.54444999999996,60.57244999999996,60.201449999999966,60.275449999999964,32675
2026-07-24T17:00:00+00:00,60.275449999999964,60.40744999999996,60.12144999999996,60.18744999999996,21954
2026-07-24T18:00:00+00:00,60.18744999999996,60.235449999999965,59.842449999999964,59.94444999999996,18442
2026-07-24T19:00:00+00:00,59.94444999999996,59.97444999999996,59.71844999999996,59.845449999999964,19062
2026-07-24T20:00:00+00:00,59.845449999999964,59.915449999999964,59.744449999999965,59.90844999999996,2573
2026-07-26T22:00:00+00:00,59.90844999999996,61.594449999999966,59.58644999999997,61.29244999999997,10468.80751137503
2026-07-26T23:00:00+00:00,61.29244999999997,61.36044999999997,60.92044999999997,61.26344999999997,12324
2026-07-27T00:00:00+00:00,61.26344999999997,61.695449999999965,61.131449999999965,61.207449999999966,37913
2026-07-27T01:00:00+00:00,61.207449999999966,61.42544999999997,61.09744999999997,61.41744999999997,55701
2026-07-27T02:00:00+00:00,61.41744999999997,61.439449999999965,60.94644999999997,60.948449999999966,25708
2026-07-27T03:00:00+00:00,60.948449999999966,61.17244999999997,60.893449999999966,60.92344999999997,15924
2026-07-27T04:00:00+00:00,60.92344999999997,60.96544999999997,60.750449999999965,60.91444999999997,9782
2026-07-27T05:00:00+00:00,60.91444999999997,61.05344999999997,60.75844999999997,61.04044999999997,17833
2026-07-27T06:00:00+00:00,61.04044999999997,61.19344999999997,60.96844999999997,61.04844999999997,17765
2026-07-27T07:00:00+00:00,61.04844999999997,61.42244999999997,60.79244999999997,60.80444999999997,17823
2026-07-27T08:00:00+00:00,60.80444999999997,61.070449999999965,60.695449999999965,61.003449999999965,18577
2026-07-27T09:00:00+00:00,61.003449999999965,61.067449999999965,60.77944999999997,60.89244999999997,12184
2026-07-27T10:00:00+00:00,60.89244999999997,61.021449999999966,60.64844999999997,60.86444999999997,12038
2026-07-27T11:00:00+00:00,60.86444999999997,60.994449999999965,60.622449999999965,60.67144999999997,15647
2026-07-27T12:00:00+00:00,60.67144999999997,60.77244999999997,60.311449999999965,60.53744999999997,26081
2026-07-27T13:00:00+00:00,60.53744999999997,60.695449999999965,60.055449999999965,60.16344999999997,50268
2026-07-27T14:00:00+00:00,60.16344999999997,60.34044999999997,59.90944999999997,60.29744999999997,66815
2026-07-27T15:00:00+00:00,60.29744999999997,60.34944999999997,60.12444999999997,60.247449999999965,33504
2026-07-27T16:00:00+00:00,60.247449999999965,60.61144999999997,60.20544999999997,60.274449999999966,28334
2026-07-27T17:00:00+00:00,60.274449999999966,60.28244999999997,60.00144999999997,60.119449999999965,23417
2026-07-27T18:00:00+00:00,60.119449999999965,60.14544999999997,59.78144999999997,59.991449999999965,20245
2026-07-27T19:00:00+00:00,59.991449999999965,60.277449999999966,59.92544999999997,60.17444999999997,14295
2026-07-27T20:00:00+00:00,60.17444999999997,60.216449999999966,59.98644999999997,59.98744999999997,4740
2026-07-27T22:00:00+00:00,59.98744999999997,60.380449999999975,59.98744999999997,60.191449999999975,4532.284768211921
2026-07-27T23:00:00+00:00,60.191449999999975,60.27344999999997,60.121449999999975,60.19044999999997,6982
2026-07-28T00:00:00+00:00,60.19044999999997,60.243449999999974,59.54044999999997,59.57044999999997,33056
2026-07-28T01:00:00+00:00,59.57044999999997,59.609449999999974,58.90144999999997,59.05044999999997,49711
2026-07-28T02:00:00+00:00,59.05044999999997,59.246449999999975,58.91944999999997,59.066449999999975,27357
2026-07-28T03:00:00+00:00,59.066449999999975,59.46144999999997,58.90744999999997,59.19544999999997,19654
2026-07-28T04:00:00+00:00,59.19544999999997,59.21944999999997,58.97444999999997,59.00144999999997,8986
2026-07-28T05:00:00+00:00,59.00144999999997,59.03544999999997,58.53044999999997,58.920449999999974,24348
2026-07-28T06:00:00+00:00,58.920449999999974,59.39444999999997,58.908449999999974,59.24144999999997,25973
2026-07-28T07:00:00+00:00,59.24144999999997,59.40344999999997,59.14644999999997,59.286449999999974,16478
2026-07-28T08:00:00+00:00,59.286449999999974,59.50944999999997,59.17744999999997,59.38644999999997,25308
2026-07-28T09:00:00+00:00,59.38644999999997,59.43644999999997,58.96944999999997,59.01144999999997,17756
2026-07-28T10:00:00+00:00,59.01144999999997,59.21544999999997,58.83544999999997,58.99444999999997,21260
2026-07-28T11:00:00+00:00,58.99444999999997,59.246449999999975,58.926449999999974,59.18044999999997,24679
2026-07-28T12:00:00+00:00,59.18044999999997,59.34344999999997,59.03444999999997,59.13244999999997,23077
2026-07-28T13:00:00+00:00,59.13244999999997,59.25044999999997,58.52644999999997,58.66344999999997,47247
2026-07-28T14:00:00+00:00,58.66344999999997,59.10744999999997,58.45544999999997,58.82244999999997,56196
2026-07-28T15:00:00+00:00,58.82244999999997,59.26344999999997,58.73844999999997,59.25644999999997,45744
2026-07-28T16:00:00+00:00,59.25644999999997,59.36944999999997,59.08144999999997,59.13944999999997,25005
2026-07-28T17:00:00+00:00,59.13944999999997,59.286449999999974,58.83344999999997,58.91944999999997,27428
2026-07-28T18:00:00+00:00,58.91944999999997,59.01344999999997,58.87344999999997,58.935449999999975,20698
2026-07-28T19:00:00+00:00,58.935449999999975,59.11344999999997,58.91944999999997,59.00444999999997,14628
2026-07-28T20:00:00+00:00,59.00444999999997,59.103449999999974,58.88344999999997,58.941449999999975,6190
2026-07-28T22:00:00+00:00,58.941449999999975,59.11044999999997,58.79944999999997,58.83944999999997,6225.624719101123
2026-07-28T23:00:00+00:00,58.83944999999997,59.17144999999997,58.80044999999997,59.17144999999997,7835
2026-07-29T00:00:00+00:00,59.17144999999997,59.286449999999974,59.02244999999997,59.08044999999997,20825
2026-07-29T01:00:00+00:00,59.08044999999997,59.57744999999997,58.87844999999997,59.43344999999997,46174
2026-07-29T02:00:00+00:00,59.43344999999997,59.93944999999997,59.31744999999997,59.59544999999997,30569
2026-07-29T03:00:00+00:00,59.59544999999997,59.67444999999997,59.29144999999997,59.32544999999997,16901
2026-07-29T04:00:00+00:00,59.32544999999997,59.45144999999997,59.26144999999997,59.42244999999997,13813
2026-07-29T05:00:00+00:00,59.42244999999997,59.98944999999997,59.411449999999974,59.70044999999997,22040
2026-07-29T06:00:00+00:00,59.70044999999997,60.19044999999997,59.70044999999997,60.06544999999997,19575
2026-07-29T07:00:00+00:00,60.06544999999997,60.176449999999974,60.00244999999997,60.03544999999997,12041
2026-07-29T08:00:00+00:00,60.03544999999997,60.045449999999974,59.67744999999997,59.81744999999997,14928
2026-07-29T09:00:00+00:00,59.81744999999997,59.85844999999997,59.66044999999997,59.68144999999997,13813
2026-07-29T10:00:00+00:00,59.68144999999997,59.70244999999996,59.31644999999997,59.35844999999997,15497
2026-07-29T11:00:00+00:00,59.35844999999997,59.69944999999996,59.31244999999997,59.604449999999964,11622
2026-07-29T12:00:00+00:00,59.604449999999964,59.650449999999964,58.79544999999997,59.22544999999997,31399
2026-07-29T13:00:00+00:00,59.22544999999997,59.43744999999997,58.781449999999964,58.91344999999997,51329
2026-07-29T14:00:00+00:00,58.91344999999997,59.18444999999997,58.69644999999997,58.939449999999965,56606
2026-07-29T15:00:00+00:00,58.939449999999965,59.04144999999997,58.79744999999997,58.933449999999965,41869
2026-07-29T16:00:00+00:00,58.933449999999965,59.94344999999997,58.747449999999965,59.640449999999966,30711
2026-07-29T17:00:00+00:00,59.640449999999966,60.05644999999997,59.58444999999997,59.84044999999997,42218
2026-07-29T18:00:00+00:00,59.84044999999997,61.06044999999997,59.80444999999997,60.99544999999997,103308
2026-07-29T19:00:00+00:00,60.99544999999997,61.204449999999966,59.17944999999997,59.208449999999964,82474
2026-07-29T20:00:00+00:00,59.208449999999964,59.72744999999997,59.009449999999966,59.567449999999965,24112
2026-07-29T22:00:00+00:00,59.567449999999965,60.543449999999964,59.45844999999997,60.512449999999966,10788.187458704338
2026-07-29T23:00:00+00:00,60.512449999999966,60.73044999999997,60.41344999999997,60.41744999999997,18523
2026-07-30T00:00:00+00:00,60.41744999999997,60.48944999999997,59.94044999999997,60.15144999999997,30376
2026-07-30T01:00:00+00:00,60.15144999999997,60.87344999999997,60.10644999999997,60.60044999999997,35839
2026-07-30T02:00:00+00:00,60.60044999999997,60.76144999999997,59.92544999999997,59.95344999999997,27329
2026-07-30T03:00:00+00:00,59.95344999999997,60.15444999999997,59.56244999999997,59.771449999999966,23658
2026-07-30T04:00:00+00:00,59.771449999999966,59.79544999999997,59.33444999999997,59.41944999999997,13771
2026-07-30T05:00:00+00:00,59.41944999999997,59.73644999999997,59.17644999999997,59.30444999999997,27192
2026-07-30T06:00:00+00:00,59.30444999999997,59.570449999999965,59.27644999999997,59.427449999999965,23209
2026-07-30T07:00:00+00:00,59.427449999999965,59.80944999999997,59.17544999999997,59.20544999999997,25536
2026-07-30T08:00:00+00:00,59.20544999999997,60.11544999999997,59.15744999999997,59.87644999999996,26763
2026-07-30T09:00:00+00:00,59.87644999999996,60.23944999999996,59.875449999999965,60.000449999999965,19728
2026-07-30T10:00:00+00:00,60.000449999999965,60.53244999999996,59.98144999999997,60.311449999999965,24615
2026-07-30T11:00:00+00:00,60.311449999999965,60.43544999999997,60.23444999999997,60.366449999999965,18654
2026-07-30T12:00:00+00:00,60.366449999999965,60.585449999999966,60.13344999999996,60.24544999999996,30911
2026-07-30T13:00:00+00:00,60.24544999999996,60.79844999999997,60.03844999999996,60.76944999999996,63835
2026-07-30T14:00:00+00:00,60.76944999999996,60.878449999999965,60.171449999999965,60.586449999999964,67621
2026-07-30T15:00:00+00:00,60.586449999999964,60.91044999999996,60.31044999999997,60.86144999999996,39761
2026-07-30T16:00:00+00:00,60.86144999999996,61.211449999999964,60.82244999999996,60.97144999999996,24311
2026-07-30T17:00:00+00:00,60.97144999999996,61.12644999999996,60.78944999999997,61.01344999999996,23313
2026-07-30T18:00:00+00:00,61.01344999999996,61.241449999999965,61.01344999999996,61.10044999999997,16515
2026-07-30T19:00:00+00:00,61.10044999999997,61.50544999999997,61.083449999999964,61.45044999999996,13356
2026-07-30T20:00:00+00:00,61.45044999999996,61.561449999999965,61.152449999999966,61.25544999999997,12065
2026-07-30T22:00:00+00:00,61.25544999999997,61.45044999999996,61.25544999999997,61.40844999999997,4629.725316597557
2026-07-30T23:00:00+00:00,61.40844999999997,61.51644999999996,61.32144999999996,61.421449999999965,4260
2026-07-31T00:00:00+00:00,61.421449999999965,61.509449999999966,61.140449999999966,61.217449999999964,11119
2026-07-31T01:00:00+00:00,61.217449999999964,61.49044999999996,60.97444999999996,61.03644999999997,19740
2026-07-31T02:00:00+00:00,61.03644999999997,61.19744999999996,60.78944999999996,60.85244999999996,11660
2026-07-31T03:00:00+00:00,60.85244999999996,60.85944999999996,60.655449999999966,60.71244999999996,8140
2026-07-31T04:00:00+00:00,60.71244999999996,60.99644999999996,60.692449999999965,60.99644999999996,4126
2026-07-31T05:00:00+00:00,60.99644999999996,61.125449999999965,60.59644999999996,60.69344999999996,12815
2026-07-31T06:00:00+00:00,60.69344999999996,60.92244999999996,60.576449999999966,60.60844999999996,18212
2026-07-31T07:00:00+00:00,60.60844999999996,60.73644999999996,60.38644999999996,60.57444999999996,15425
2026-07-31T08:00:00+00:00,60.57444999999996,60.62644999999996,60.35344999999996,60.485449999999965,16853
2026-07-31T09:00:00+00:00,60.485449999999965,60.60344999999996,60.226449999999964,60.30644999999996,14390
2026-07-31T10:00:00+00:00,60.30644999999996,60.40444999999996,60.19444999999996,60.210449999999966,9946
2026-07-31T11:00:00+00:00,60.210449999999966,60.39444999999996,59.991449999999965,60.174449999999965,15982
2026-07-31T12:00:00+00:00,60.174449999999965,60.253449999999965,59.86844999999996,59.98044999999996,19116
2026-07-31T13:00:00+00:00,59.98044999999996,60.03244999999996,59.42844999999996,59.55444999999996,56097
2026-07-31T14:00:00+00:00,59.55444999999996,60.04844999999996,59.37644999999996,59.857449999999965,46184
2026-07-31T15:00:00+00:00,59.857449999999965,60.034449999999964,59.598449999999964,59.82544999999996,38970
2026-07-31T16:00:00+00:00,59.82544999999996,59.98144999999996,59.692449999999965,59.81644999999996,24247
2026-07-31T17:00:00+00:00,59.81644999999996,60.271449999999966,59.74544999999996,60.22144999999996,23642
2026-07-31T18:00:00+00:00,60.22144999999996,60.293449999999964,60.125449999999965,60.28244999999996,14235
2026-07-31T19:00:00+00:00,60.28244999999996,60.342449999999964,60.16344999999996,60.27344999999996,15498
2026-07-31T20:00:00+00:00,60.27344999999996,60.30644999999996,60.06644999999996,60.13044999999996,5390
2026-08-02T22:00:00+00:00,60.13044999999996,61.135449999999956,60.04244999999995,60.85344999999995,10358.929749594052
2026-08-02T23:00:00+00:00,60.85344999999995,60.88144999999995,60.70444999999995,60.834449999999954,9172
2026-08-03T00:00:00+00:00,60.834449999999954,60.93244999999995,60.401449999999954,60.48144999999995,26483
2026-08-03T01:00:00+00:00,60.48144999999995,60.85944999999995,60.346449999999955,60.73144999999995,38699
2026-08-03T02:00:00+00:00,60.73144999999995,60.819449999999954,60.47344999999995,60.65244999999995,21509
2026-08-03T03:00:00+00:00,60.65244999999995,60.81644999999995,60.61644999999995,60.769449999999956,13713
2026-08-03T04:00:00+00:00,60.769449999999956,61.10944999999995,60.74644999999995,60.822449999999954,7994
2026-08-03T05:00:00+00:00,60.822449999999954,60.86944999999995,60.31744999999995,60.69544999999995,17333
2026-08-03T06:00:00+00:00,60.69544999999995,61.132449999999956,60.63144999999995,60.65044999999996,22012
2026-08-03T07:00:00+00:00,60.65044999999996,60.88044999999995,60.33244999999995,60.81644999999995,20100
2026-08-03T08:00:00+00:00,60.81644999999995,60.910449999999955,60.696449999999956,60.864449999999955,15943
2026-08-03T09:00:00+00:00,60.864449999999955,60.91444999999995,60.599449999999955,60.74144999999995,16090
2026-08-03T10:00:00+00:00,60.74144999999995,60.74444999999995,60.41544999999995,60.50244999999995,13048
2026-08-03T11:00:00+00:00,60.50244999999995,60.590449999999954,60.27144999999995,60.53044999999995,17310
2026-08-03T12:00:00+00:00,60.53044999999995,60.580449999999956,59.955449999999956,59.97544999999995,22311
2026-08-03T13:00:00+00:00,59.97544999999995,60.218449999999955,59.08844999999995,59.642449999999954,59766
2026-08-03T14:00:00+00:00,59.642449999999954,59.96144999999996,59.55144999999995,59.83644999999996,33128
2026-08-03T15:00:00+00:00,59.83644999999996,60.04544999999995,59.69844999999995,59.977449999999955,26197
2026-08-03T16:00:00+00:00,59.977449999999955,60.29644999999995,59.90544999999995,60.19544999999995,13973
2026-08-03T17:00:00+00:00,60.19544999999995,60.33244999999995,60.080449999999956,60.16244999999995,13052
2026-08-03T18:00:00+00:00,60.16244999999995,60.46344999999995,60.141449999999956,60.42944999999995,11935
2026-08-03T19:00:00+00:00,60.42944999999995,60.74944999999995,60.42444999999995,60.581449999999954,13818
2026-08-03T20:00:00+00:00,60.581449999999954,60.727449999999955,60.516449999999956,60.709449999999954,4495
2026-08-03T22:00:00+00:00,60.709449999999954,60.821449999999956,60.49344999999996,60.65844999999996,3292.16432476924
2026-08-03T23:00:00+00:00,60.65844999999996,60.78144999999996,60.59744999999996,60.77144999999996,2646
2026-08-04T00:00:00+00:00,60.77144999999996,61.077449999999956,60.63044999999996,60.65044999999996,10488
2026-08-04T01:00:00+00:00,60.65044999999996,61.346449999999955,60.49744999999996,61.16744999999996,27431
2026-08-04T02:00:00+00:00,61.16744999999996,61.325449999999954,61.06144999999996,61.15044999999996,21367
2026-08-04T03:00:00+00:00,61.15044999999996,61.32944999999996,61.108449999999955,61.17644999999996,13756
2026-08-04T04:00:00+00:00,61.17644999999996,61.65044999999996,61.157449999999955,61.47044999999996,7795
2026-08-04T05:00:00+00:00,61.47044999999996,61.562449999999956,61.24744999999996,61.50644999999996,12708
2026-08-04T06:00:00+00:00,61.50644999999996,61.67044999999996,61.303449999999955,61.43544999999996,15974
2026-08-04T07:00:00+00:00,61.43544999999996,61.623449999999956,61.40644999999996,61.48744999999996,13773
2026-08-04T08:00:00+00:00,61.48744999999996,61.675449999999955,61.25944999999996,61.270449999999954,15365
2026-08-04T09:00:00+00:00,61.270449999999954,61.327449999999956,61.09444999999996,61.261449999999954,12119
2026-08-04T10:00:00+00:00,61.261449999999954,61.553449999999955,61.077449999999956,61.309449999999956,17129
2026-08-04T11:00:00+00:00,61.309449999999956,61.98544999999996,61.266449999999956,61.950449999999954,28044
2026-08-04T12:00:00+00:00,61.950449999999954,62.44444999999996,61.639449999999954,62.36544999999996,28546
2026-08-04T13:00:00+00:00,62.36544999999996,62.507449999999956,61.855449999999955,62.17344999999996,52969
2026-08-04T14:00:00+00:00,62.17344999999996,62.36544999999996,61.791449999999955,62.03644999999996,33184
2026-08-04T15:00:00+00:00,62.03644999999996,62.30844999999996,61.822449999999954,62.239449999999955,23589
2026-08-04T16:00:00+00:00,62.239449999999955,62.410449999999955,62.12244999999996,62.33944999999996,12376
2026-08-04T17:00:00+00:00,62.33944999999996,62.553449999999955,62.279449999999954,62.306449999999955,18168
2026-08-04T18:00:00+00:00,62.306449999999955,62.32944999999996,62.03444999999996,62.12144999999996,13370
2026-08-04T19:00:00+00:00,62.12144999999996,62.22344999999996,62.02744999999996,62.08244999999996,8255
2026-08-04T20:00:00+00:00,62.08244999999996,62.13044999999996,61.97044999999996,62.044449999999955,6708
2026-08-04T22:00:00+00:00,62.044449999999955,62.290449999999964,62.044449999999955,62.18244999999997,3147.929041423658
2026-08-04T23:00:00+00:00,62.18244999999997,62.198449999999966,62.09044999999996,62.131449999999965,4282
2026-08-05T00:00:00+00:00,62.131449999999965,62.409449999999964,62.09644999999996,62.39544999999996,7489
2026-08-05T01:00:00+00:00,62.39544999999996,62.62644999999996,62.214449999999964,62.59644999999996,17373
2026-08-05T02:00:00+00:00,62.59644999999996,63.537449999999964,62.47444999999996,63.366449999999965,18380
2026-08-05T03:00:00+00:00,63.366449999999965,63.631449999999965,63.311449999999965,63.42344999999997,8936
2026-08-05T04:00:00+00:00,63.42344999999997,63.55344999999996,63.35244999999996,63.44144999999997,6084
2026-08-05T05:00:00+00:00,63.44144999999997,64.30445,63.40444999999996,64.10145,17527
2026-08-05T06:00:00+00:00,64.10145,64.57945,64.04845,64.49645000000001,18139
2026-08-05T07:00:00+00:00,64.49645000000001,64.58445,64.24145000000001,64.52645000000001,15121
2026-08-05T08:00:00+00:00,64.52645000000001,64.54445000000001,64.09345000000002,64.13445000000002,18563
2026-08-05T09:00:00+00:00,64.13445000000002,64.32445000000003,64.07545000000007,64.12845000000007,12276
2026-08-05T10:00:00+00:00,64.12845000000007,64.14345000000007,63.76945000000006,63.94945000000006,10847
2026-08-05T11:00:00+00:00,63.94945000000006,64.7184500000001,63.921450000000064,64.6584500000001,17561
2026-08-05T12:00:00+00:00,64.6584500000001,65.2024500000001,64.15245000000016,64.16445000000016,28073
2026-08-05T13:00:00+00:00,64.16445000000016,65.06645000000017,64.16445000000016,65.04445000000018,45478
2026-08-05T14:00:00+00:00,65.04445000000018,65.46645000000018,64.80745000000019,64.94845000000018,49480
2026-08-05T15:00:00+00:00,64.94845000000018,65.2984500000002,64.47345000000018,64.5954500000002,31302
2026-08-05T16:00:00+00:00,64.5954500000002,64.99045000000017,64.42145000000019,64.77645000000017,28047
2026-08-05T17:00:00+00:00,64.77645000000017,65.04345000000018,64.61745000000018,64.86945000000017,25067
2026-08-05T18:00:00+00:00,64.86945000000017,65.07345000000021,64.79545000000019,64.91745000000022,17605
2026-08-05T19:00:00+00:00,64.91745000000022,65.01245000000023,64.69345000000024,64.71745000000024,14824
2026-08-05T20:00:00+00:00,64.71745000000024,64.77745000000026,64.64745000000028,64.7154500000003,4875
2026-08-05T22:00:00+00:00,64.7154500000003,65.16945000000031,64.7154500000003,64.94145000000032,3499.924889322428
2026-08-05T23:00:00+00:00,64.94145000000032,65.23945000000029,64.92945000000032,65.10845000000029,7088
2026-08-06T00:00:00+00:00,65.10845000000029,65.65145000000028,64.95745000000028,65.55945000000028,22590
2026-08-06T01:00:00+00:00,65.55945000000028,65.89845000000028,64.89445000000033,65.12545000000034,44030
2026-08-06T02:00:00+00:00,65.12545000000034,65.43345000000033,64.9984500000003,65.19145000000032,23613
2026-08-06T03:00:00+00:00,65.19145000000032,65.25745000000029,64.83245000000028,64.99545000000028,17005
2026-08-06T04:00:00+00:00,64.99545000000028,65.09445000000026,64.8994500000002,65.03345000000022,9856
2026-08-06T05:00:00+00:00,65.03345000000022,65.07845000000023,64.47145000000022,65.03145000000023,17529
2026-08-06T06:00:00+00:00,65.03145000000023,65.03845000000024,64.44445000000022,64.53545000000022,13476
2026-08-06T07:00:00+00:00,64.53545000000022,64.83245000000025,64.50945000000021,64.80445000000026,13659
2026-08-06T08:00:00+00:00,64.80445000000026,64.97445000000022,64.64645000000021,64.97145000000023,17718
2026-08-06T09:00:00+00:00,64.97145000000023,65.11045000000021,64.68745000000021,64.78945000000019,15065
2026-08-06T10:00:00+00:00,64.78945000000019,64.7954500000002,64.6104500000002,64.62945000000022,11165
2026-08-06T11:00:00+00:00,64.62945000000022,64.73245000000021,64.48745000000021,64.69945000000021,16331
2026-08-06T12:00:00+00:00,64.69945000000021,64.71145000000021,64.13845000000015,64.14745000000013,24070
2026-08-06T13:00:00+00:00,64.14745000000013,64.69945000000008,63.933450000000114,64.51945000000008,52102
2026-08-06T14:00:00+00:00,64.51945000000008,64.65445000000005,64.34345000000008,64.57445000000007,37961
2026-08-06T15:00:00+00:00,64.57445000000007,64.60845000000006,63.86345000000004,63.981450000000045,39039
2026-08-06T16:00:00+00:00,63.981450000000045,64.27445000000003,63.771450000000044,64.23645000000003,34670
2026-08-06T17:00:00+00:00,64.23645000000003,64.42344999999997,64.16144999999997,64.38244999999998,19975
2026-08-06T18:00:00+00:00,64.38244999999998,64.55445000000003,64.31444999999997,64.40845000000007,11892
2026-08-06T19:00:00+00:00,64.40845000000007,64.73645000000005,64.36145000000008,64.69045000000006,20210
2026-08-06T20:00:00+00:00,64.69045000000006,64.87145000000005,64.35445000000009,64.41945000000011,8849
2026-08-06T22:00:00+00:00,64.41945000000011,64.54145000000011,64.3294500000001,64.40045000000009,4046.966975982533
2026-08-06T23:00:00+00:00,64.40045000000009,64.5964500000001,64.3834500000001,64.58045000000011,5342
2026-08-07T00:00:00+00:00,64.58045000000011,64.58045000000011,64.09545000000011,64.1294500000001,21200
2026-08-07T01:00:00+00:00,64.1294500000001,65.05645000000015,64.0974500000001,65.01645000000015,31577
2026-08-07T02:00:00+00:00,65.01645000000015,65.26845000000014,64.85045000000011,64.96045000000012,16524
2026-08-07T03:00:00+00:00,64.96045000000012,65.31845000000011,64.95945000000012,65.2964500000001,14200
2026-08-07T04:00:00+00:00,65.2964500000001,65.35745000000009,65.1554500000001,65.22045000000013,11687
2026-08-07T05:00:00+00:00,65.22045000000013,65.74745000000009,65.13045000000011,65.66045000000008,23639
2026-08-07T06:00:00+00:00,65.66045000000008,66.83045000000006,65.58145000000007,66.6694500000001,33816
2026-08-07T07:00:00+00:00,66.6694500000001,66.77845000000013,66.3784500000001,66.77845000000013,17398
2026-08-07T08:00:00+00:00,66.77845000000013,67.46745000000016,66.74045000000012,67.23145000000017,20495
2026-08-07T09:00:00+00:00,67.23145000000017,67.57245000000016,67.18545000000016,67.35445000000016,16137
2026-08-07T10:00:00+00:00,67.35445000000016,67.44745000000016,67.13745000000016,67.22945000000016,14254
2026-08-07T11:00:00+00:00,67.22945000000016,67.33145000000016,66.84845000000018,67.0174500000002,22562
2026-08-07T12:00:00+00:00,67.0174500000002,68.12345000000018,66.74945000000017,67.63945000000018,56715
2026-08-07T13:00:00+00:00,67.63945000000018,67.78645000000017,66.67945000000019,66.83145000000019,74899
2026-08-07T14:00:00+00:00,66.83145000000019,66.85945000000018,66.24445000000017,66.30145000000013,74235
2026-08-07T15:00:00+00:00,66.30145000000013,66.68845000000013,66.22645000000014,66.26145000000017,40102
2026-08-07T16:00:00+00:00,66.26145000000017,66.49345000000017,66.02945000000021,66.0604500000002,30921
2026-08-07T17:00:00+00:00,66.0604500000002,66.33745000000016,65.98545000000021,66.26945000000016,28246
2026-08-07T18:00:00+00:00,66.26945000000016,66.33445000000016,66.07445000000016,66.22645000000016,20642
2026-08-07T19:00:00+00:00,66.22645000000016,66.62545000000014,66.22145000000015,66.53445000000012,35762
2026-08-07T20:00:00+00:00,66.53445000000012,66.53745000000012,66.31545000000014,66.37245000000016,5808
2026-08-09T22:00:00+00:00,66.37245000000016,66.75245000000015,66.24845000000013,66.54745000000017,9780.155587668592
2026-08-09T23:00:00+00:00,66.54745000000017,66.84645000000012,66.39945000000014,66.43645000000015,7618
2026-08-10T00:00:00+00:00,66.43645000000015,66.95345000000015,66.26145000000017,66.31745000000015,27651
2026-08-10T01:00:00+00:00,66.31745000000015,66.61645000000016,65.91145000000013,66.39145000000013,47941
2026-08-10T02:00:00+00:00,66.39145000000013,66.75745000000015,66.23045000000013,66.30345000000014,23717
2026-08-10T03:00:00+00:00,66.30345000000014,66.74245000000013,66.20045000000015,66.53345000000016,14830
2026-08-10T04:00:00+00:00,66.53345000000016,66.85945000000012,66.48745000000017,66.79445000000014,11224
2026-08-10T05:00:00+00:00,66.79445000000014,67.25645000000019,66.55645000000015,67.0864500000002,18650
2026-08-10T06:00:00+00:00,67.0864500000002,67.2214500000002,66.97545000000021,67.19145000000022,20317
2026-08-10T07:00:00+00:00,67.19145000000022,67.38545000000022,67.01645000000022,67.25545000000022,17064
2026-08-10T08:00:00+00:00,67.25545000000022,67.34745000000022,67.01245000000023,67.13845000000023,14639
2026-08-10T09:00:00+00:00,67.13845000000023,67.19645000000024,66.99945000000021,66.99945000000021,12188
2026-08-10T10:00:00+00:00,66.99945000000021,67.0134500000002,66.83245000000024,66.85045000000025,11462
2026-08-10T11:00:00+00:00,66.85045000000025,67.04545000000022,66.7454500000002,66.98545000000021,12798
2026-08-10T12:00:00+00:00,66.98545000000021,67.0584500000002,66.69145000000019,66.78745000000013,20280
2026-08-10T13:00:00+00:00,66.78745000000013,67.07845000000015,66.52145000000013,66.58545000000015,46935
2026-08-10T14:00:00+00:00,66.58545000000015,67.80545000000009,66.57945000000015,67.6664500000001,41377
2026-08-10T15:00:00+00:00,67.6664500000001,68.0884500000001,67.4614500000001,67.9644500000001,33667
2026-08-10T16:00:00+00:00,67.9644500000001,68.23645000000009,67.7044500000001,67.8544500000001,39982
2026-08-10T17:00:00+00:00,67.8544500000001,68.26645000000009,67.74845000000009,68.0444500000001,31118
2026-08-10T18:00:00+00:00,68.0444500000001,68.6634500000001,67.9554500000001,68.53745000000009,27408
2026-08-10T19:00:00+00:00,68.53745000000009,69.1044500000001,68.53745000000009,68.67745000000009,20840
2026-08-10T20:00:00+00:00,68.67745000000009,68.8304500000001,68.5984500000001,68.66845000000009,5042
2026-08-10T22:00:00+00:00,68.66845000000009,69.10545000000009,68.66845000000009,69.08345000000008,4273.322592711339
2026-08-10T23:00:00+00:00,69.08345000000008,69.13445000000009,68.9454500000001,69.05645000000008,4912
2026-08-11T00:00:00+00:00,69.05645000000008,69.47645000000009,68.92445000000009,69.03145000000009,19496
2026-08-11T01:00:00+00:00,69.03145000000009,69.71645000000008,68.65345000000009,69.5644500000001,43722
2026-08-11T02:00:00+00:00,69.5644500000001,69.58345000000008,68.79445000000008,68.91845000000009,29708
2026-08-11T03:00:00+00:00,68.91845000000009,69.1864500000001,68.91245000000009,69.01345000000009,19057
2026-08-11T04:00:00+00:00,69.01345000000009,69.09245000000008,68.58745000000009,68.76145000000008,13562
2026-08-11T05:00:00+00:00,68.76145000000008,68.77245000000009,67.70645000000009,67.98945000000009,31707
2026-08-11T06:00:00+00:00,67.98945000000009,68.21045000000008,67.46245000000009,67.70945000000009,30997
2026-08-11T07:00:00+00:00,67.70945000000009,67.81345000000009,67.54845000000009,67.66945000000008,17232
2026-08-11T08:00:00+00:00,67.66945000000008,68.27545000000009,67.66745000000009,67.90045000000009,16750
2026-08-11T09:00:00+00:00,67.90045000000009,68.1894500000001,67.85245000000009,68.12345000000009,14748
2026-08-11T10:00:00+00:00,68.12345000000009,68.37645000000009,68.03645000000009,68.34945000000009,14480
2026-08-11T11:00:00+00:00,68.34945000000009,68.56645000000009,68.27445000000009,68.40445000000008,22163
2026-08-11T12:00:00+00:00,68.40445000000008,68.56545000000008,68.05445000000009,68.08645000000008,23719
2026-08-11T13:00:00+00:00,68.08645000000008,68.50045000000009,67.94045000000008,68.10445000000009,49118
2026-08-11T14:00:00+00:00,68.10445000000009,68.4334500000001,67.98545000000009,68.22945000000009,43572
2026-08-11T15:00:00+00:00,68.22945000000009,68.39545000000008,67.5764500000001,68.18045000000009,38117
2026-08-11T16:00:00+00:00,68.18045000000009,68.36045000000009,68.08545000000008,68.14445000000009,19262
2026-08-11T17:00:00+00:00,68.14445000000009,68.21445000000008,67.77245000000009,67.77445000000009,21983
2026-08-11T18:00:00+00:00,67.77445000000009,67.99145000000009,67.62445000000008,67.93745000000008,21804
2026-08-11T19:00:00+00:00,67.93745000000008,68.05345000000008,67.73245000000009,68.00045000000009,16685
2026-08-11T20:00:00+00:00,68.00045000000009,68.00845000000008,67.79945000000009,67.79945000000009,4479
2026-08-11T22:00:00+00:00,67.79945000000009,68.36845000000008,67.79945000000009,68.23045000000008,5789.649668134323
2026-08-11T23:00:00+00:00,68.23045000000008,68.30245000000008,68.15945000000008,68.22345000000007,6388
2026-08-12T00:00:00+00:00,68.22345000000007,68.48745000000008,68.16045000000008,68.35145000000007,17164
2026-08-12T01:00:00+00:00,68.35145000000007,68.64645000000007,68.23745000000008,68.54745000000008,30060
2026-08-12T02:00:00+00:00,68.54745000000008,69.03945000000007,68.45145000000008,68.88245000000008,20479
2026-08-12T03:00:00+00:00,68.88245000000008,69.20445000000008,68.79745000000008,68.80945000000007,15086
2026-08-12T04:00:00+00:00,68.80945000000007,68.81545000000007,68.52345000000008,68.79245000000007,9644
2026-08-12T05:00:00+00:00,68.79245000000007,68.81245000000007,68.36945000000007,68.72245000000008,22290
2026-08-12T06:00:00+00:00,68.72245000000008,69.57445000000007,68.57445000000007,69.37645000000008,25018
2026-08-12T07:00:00+00:00,69.37645000000008,69.62145000000008,69.24545000000008,69.50745000000008,16507
2026-08-12T08:00:00+00:00,69.50745000000008,69.93445000000007,69.48445000000008,69.57745000000007,13508
2026-08-12T09:00:00+00:00,69.57745000000007,70.25045000000007,69.57545000000007,69.86645000000007,18972
2026-08-12T10:00:00+00:00,69.86645000000007,69.88845000000008,69.54645000000008,69.71945000000008,15752
2026-08-12T11:00:00+00:00,69.71945000000008,69.89145000000008,69.58645000000007,69.76045000000008,13524
2026-08-12T12:00:00+00:00,69.76045000000008,70.15845000000007,69.07745000000007,69.99345000000008,55385
2026-08-12T13:00:00+00:00,69.99345000000008,70.23045000000008,69.08945000000007,69.60445000000007,89863
2026-08-12T14:00:00+00:00,69.60445000000007,69.79945000000008,69.28045000000007,69.32245000000007,62009
2026-08-12T15:00:00+00:00,69.32245000000007,69.48545000000007,68.96945000000008,69.23845000000007,42559
2026-08-12T16:00:00+00:00,69.23845000000007,69.40945000000008,68.52845000000008,68.67345000000007,43634
2026-08-12T17:00:00+00:00,68.67345000000007,69.04745000000008,68.63245000000008,68.81395000000008,26492.233836321677
2026-08-12T18:00:00+00:00,68.81395000000008,69.17295000000009,68.69895000000008,68.94695000000009,18158
2026-08-12T19:00:00+00:00,68.94695000000009,69.03595000000008,68.71095000000008,68.82395000000008,18408
2026-08-12T20:00:00+00:00,68.82395000000008,68.84595000000009,68.67195000000008,68.75995000000009,5103
2026-08-12T22:00:00+00:00,68.75995000000009,68.88895000000008,68.56895000000009,68.59795000000008,3993.1723580818098
2026-08-12T23:00:00+00:00,68.59795000000008,68.80195000000009,68.56595000000009,68.7999500000001,3391
2026-08-13T00:00:00+00:00,68.7999500000001,69.79895000000009,68.75395000000009,69.29295000000009,23653
2026-08-13T01:00:00+00:00,69.29295000000009,69.5319500000001,68.8119500000001,68.93795000000009,40631
2026-08-13T02:00:00+00:00,68.93795000000009,69.13495000000009,68.44395000000009,68.9309500000001,25128
2026-08-13T03:00:00+00:00,68.9309500000001,69.11195000000009,68.7999500000001,68.84895000000009,18067
2026-08-13T04:00:00+00:00,68.84895000000009,68.88195000000009,68.5919500000001,68.86195000000009,12580
2026-08-13T05:00:00+00:00,68.86195000000009,69.14295000000008,68.40595000000009,68.5259500000001,28369
2026-08-13T06:00:00+00:00,68.5259500000001,68.6479500000001,68.16495000000009,68.32595000000009,26953
2026-08-13T07:00:00+00:00,68.32595000000009,68.34895000000009,67.97895000000008,68.07895000000009,20999
2026-08-13T08:00:00+00:00,68.07895000000009,68.1239500000001,67.71995000000008,67.94495000000009,21585
2026-08-13T09:00:00+00:00,67.94495000000009,68.20595000000009,67.78595000000008,68.1329500000001,16104
2026-08-13T10:00:00+00:00,68.1329500000001,68.5409500000001,68.10995000000008,68.45995000000009,12925
2026-08-13T11:00:00+00:00,68.45995000000009,68.6509500000001,68.33995000000009,68.54495000000009,14121
2026-08-13T12:00:00+00:00,68.54495000000009,68.90495000000008,68.32495000000009,68.8859500000001,25775
2026-08-13T13:00:00+00:00,68.8859500000001,68.92895000000009,68.25595000000008,68.28695000000009,62650
2026-08-13T14:00:00+00:00,68.28695000000009,68.62895000000009,67.92595000000009,68.5049500000001,62409
2026-08-13T15:00:00+00:00,68.5049500000001,68.57595000000009,67.88795000000009,68.16395000000009,35813
2026-08-13T16:00:00+00:00,68.16395000000009,68.32895000000009,67.93495000000009,68.26795000000008,25506
2026-08-13T17:00:00+00:00,68.26795000000008,68.45695000000009,68.1509500000001,68.15495000000008,21548
2026-08-13T18:00:00+00:00,68.15495000000008,68.4249500000001,68.0079500000001,68.06095000000009,18297
2026-08-13T19:00:00+00:00,68.06095000000009,68.10395000000008,67.71995000000008,67.88695000000008,19019
2026-08-13T20:00:00+00:00,67.88695000000008,68.09695000000009,67.80995000000009,67.91695000000009,5960
2026-08-13T22:00:00+00:00,67.91695000000009,68.0189500000001,67.81395000000009,67.95995000000009,6619.93350884712
2026-08-13T23:00:00+00:00,67.95995000000009,68.1289500000001,67.86795000000009,68.0099500000001,6690
2026-08-14T00:00:00+00:00,68.0099500000001,68.1969500000001,67.38295000000011,67.6559500000001,26455
2026-08-14T01:00:00+00:00,67.6559500000001,67.6559500000001,67.2029500000001,67.27295000000012,42097
2026-08-14T02:00:00+00:00,67.27295000000012,67.56695000000015,67.15395000000015,67.26095000000018,26172
2026-08-14T03:00:00+00:00,67.26095000000018,67.6709500000002,67.21195000000017,67.4579500000002,14993
2026-08-14T04:00:00+00:00,67.4579500000002,67.51095000000022,67.37295000000023,67.47695000000023,7492
2026-08-14T05:00:00+00:00,67.47695000000023,67.76295000000022,66.96295000000022,67.73595000000022,20958
2026-08-14T06:00:00+00:00,67.73595000000022,67.88995000000024,67.58895000000021,67.81695000000023,22819
2026-08-14T07:00:00+00:00,67.81695000000023,68.16395000000024,67.69195000000023,68.05495000000025,16517
2026-08-14T08:00:00+00:00,68.05495000000025,68.28595000000024,67.95595000000024,68.16595000000024,16448
2026-08-14T09:00:00+00:00,68.16595000000024,68.36895000000024,68.10095000000024,68.35295000000023,14584
2026-08-14T10:00:00+00:00,68.35295000000023,68.38395000000024,68.06695000000023,68.10595000000023,11594
2026-08-14T11:00:00+00:00,68.10595000000023,68.46895000000023,68.05895000000024,68.45595000000024,15756
2026-08-14T12:00:00+00:00,68.45595000000024,68.57495000000024,68.24295000000023,68.53895000000024,24757
2026-08-14T13:00:00+00:00,68.53895000000024,68.92795000000024,68.38695000000024,68.83595000000024,39177
2026-08-14T14:00:00+00:00,68.83595000000024,69.21795000000024,68.64095000000025,68.67895000000024,31065
2026-08-14T15:00:00+00:00,68.67895000000024,68.83595000000024,68.44495000000023,68.49795000000024,29868
2026-08-14T16:00:00+00:00,68.49795000000024,68.59095000000023,68.17795000000024,68.41495000000025,21160
2026-08-14T17:00:00+00:00,68.41495000000025,68.44695000000024,68.18695000000024,68.28295000000024,12864
2026-08-14T18:00:00+00:00,68.28295000000024,68.34995000000023,68.13895000000024,68.20895000000024,9908
2026-08-14T19:00:00+00:00,68.20895000000024,68.27295000000024,68.12695000000024,68.18295000000025,8707
2026-08-14T20:00:00+00:00,68.18295000000025,68.18495000000024,68.08895000000024,68.16995000000024,5316
2026-08-16T22:00:00+00:00,68.16995000000024,68.98595000000023,67.98595000000024,68.96795000000023,7285.546770388319
2026-08-16T23:00:00+00:00,68.96795000000023,68.97495000000023,68.51195000000023,68.55695000000023,7322
2026-08-17T00:00:00+00:00,68.55695000000023,69.27895000000024,68.54495000000023,69.26295000000023,15692
2026-08-17T01:00:00+00:00,69.26295000000023,69.95995000000023,69.22295000000022,69.42795000000024,35644
2026-08-17T02:00:00+00:00,69.42795000000024,69.57495000000023,69.17295000000023,69.34395000000023,21149
2026-08-17T03:00:00+00:00,69.34395000000023,69.42595000000023,69.18795000000023,69.27695000000023,15084
2026-08-17T04:00:00+00:00,69.27695000000023,69.42295000000023,69.12495000000023,69.16595000000024,10863
2026-08-17T05:00:00+00:00,69.16595000000024,69.62595000000023,69.15895000000023,69.51095000000024,21572
2026-08-17T06:00:00+00:00,69.51095000000024,69.81095000000023,69.40795000000023,69.66095000000023,17702
2026-08-17T07:00:00+00:00,69.66095000000023,69.73395000000023,69.34995000000023,69.46495000000023,14714
2026-08-17T08:00:00+00:00,69.46495000000023,69.46495000000023,69.18895000000023,69.24395000000023,12888
2026-08-17T09:00:00+00:00,69.24395000000023,69.35595000000023,69.20195000000024,69.24195000000023,10277
2026-08-17T10:00:00+00:00,69.24195000000023,69.59495000000022,69.17895000000023,69.34195000000022,14894
2026-08-17T11:00:00+00:00,69.34195000000022,69.58095000000023,69.29495000000023,69.40895000000023,12782
2026-08-17T12:00:00+00:00,69.40895000000023,69.47495000000023,68.86995000000023,68.96795000000023,23443
2026-08-17T13:00:00+00:00,68.96795000000023,69.49095000000023,68.80395000000023,69.42295000000023,34901
2026-08-17T14:00:00+00:00,69.42295000000023,70.12695000000024,69.36195000000023,69.94795000000023,30457
2026-08-17T15:00:00+00:00,69.94795000000023,70.29395000000024,69.85795000000023,70.16595000000024,18177
2026-08-17T16:00:00+00:00,70.16595000000024,70.18595000000023,69.99395000000023,70.10195000000023,10556
2026-08-17T17:00:00+00:00,70.10195000000023,70.14895000000023,69.62295000000023,69.64895000000023,13537
2026-08-17T18:00:00+00:00,69.64895000000023,69.73895000000023,69.43295000000023,69.53795000000024,14564
2026-08-17T19:00:00+00:00,69.53795000000024,69.71795000000023,69.40395000000024,69.64295000000023,9034
2026-08-17T20:00:00+00:00,69.64295000000023,69.66495000000023,69.45995000000023,69.49795000000023,3013
2026-08-17T22:00:00+00:00,69.49795000000023,69.58495000000023,69.37295000000023,69.40995000000024,3518.072327498915
2026-08-17T23:00:00+00:00,69.40995000000024,69.72595000000024,69.38695000000024,69.72495000000023,4416
2026-08-18T00:00:00+00:00,69.72495000000023,70.22295000000024,69.60395000000024,70.18695000000024,15409
2026-08-18T01:00:00+00:00,70.18695000000024,70.31395000000023,69.17695000000023,69.38495000000023,37923
2026-08-18T02:00:00+00:00,69.38495000000023,69.39295000000024,68.94695000000024,69.12195000000024,24677
2026-08-18T03:00:00+00:00,69.12195000000024,69.25695000000023,68.92395000000023,68.96095000000024,16142
2026-08-18T04:00:00+00:00,68.96095000000024,69.00795000000024,68.84595000000024,68.92395000000023,11956
2026-08-18T05:00:00+00:00,68.92395000000023,69.02395000000024,68.50595000000024,68.94895000000024,19305
2026-08-18T06:00:00+00:00,68.94895000000024,69.20295000000024,68.72095000000024,69.03895000000024,19609
2026-08-18T07:00:00+00:00,69.03895000000024,69.07795000000024,68.76295000000023,68.76895000000023,15495
2026-08-18T08:00:00+00:00,68.76895000000023,68.86995000000023,68.59195000000024,68.76495000000024,18619
2026-08-18T09:00:00+00:00,68.76495000000024,68.84795000000024,68.63495000000023,68.83895000000024,15288
2026-08-18T10:00:00+00:00,68.83895000000024,68.91195000000023,68.70895000000024,68.87495000000024,11147
2026-08-18T11:00:00+00:00,68.87495000000024,68.91695000000024,68.66595000000024,68.90495000000024,12111
2026-08-18T12:00:00+00:00,68.90495000000024,69.00795000000024,68.69495000000023,68.86495000000023,18438
2026-08-18T13:00:00+00:00,68.86495000000023,69.05195000000023,68.29395000000024,68.63195000000023,56253
2026-08-18T14:00:00+00:00,68.63195000000023,68.73795000000024,67.86395000000024,67.91895000000024,66416
2026-08-18T15:00:00+00:00,67.91895000000024,68.09795000000024,67.27295000000024,67.73895000000024,47522
2026-08-18T16:00:00+00:00,67.73895000000024,67.88695000000027,67.58795000000025,67.61695000000026,22480
2026-08-18T17:00:00+00:00,67.61695000000026,67.76395000000026,67.5359500000003,67.57995000000031,22497
2026-08-18T18:00:00+00:00,67.57995000000031,67.64195000000032,67.45595000000031,67.51795000000033,20707
2026-08-18T19:00:00+00:00,67.51795000000033,67.60795000000033,67.1189500000003,67.31295000000027,20830
2026-08-18T20:00:00+00:00,67.31295000000027,67.46295000000028,66.92695000000035,67.08495000000032,7608
2026-08-18T22:00:00+00:00,67.08495000000032,67.80395000000033,66.80095000000033,67.27315000000026,4370.8396368593585
2026-08-18T23:00:00+00:00,67.27315000000026,67.37115000000026,66.8471500000003,67.04315000000028,9254
2026-08-19T00:00:00+00:00,67.04315000000028,67.33415000000032,66.93815000000029,67.05515000000031,26235
2026-08-19T01:00:00+00:00,67.05515000000031,67.43415000000029,66.7021500000003,67.29515000000029,39659
2026-08-19T02:00:00+00:00,67.29515000000029,67.41215000000031,67.0621500000003,67.15815000000029,24217
2026-08-19T03:00:00+00:00,67.15815000000029,67.29915000000037,66.98015000000032,67.15015000000032,14276
2026-08-19T04:00:00+00:00,67.15015000000032,67.19015000000033,66.85215000000032,66.97915000000029,10564
2026-08-19T05:00:00+00:00,66.97915000000029,67.00115000000028,66.67315000000028,66.77615000000026,25097
2026-08-19T06:00:00+00:00,66.77615000000026,67.25315000000016,66.73915000000022,67.24115000000016,24488
2026-08-19T07:00:00+00:00,67.24115000000016,67.40715000000014,67.13815000000015,67.18815000000016,15835
2026-08-19T08:00:00+00:00,67.18815000000016,67.41215000000011,67.14215000000017,67.19115000000014,16922
2026-08-19T09:00:00+00:00,67.19115000000014,67.3791500000001,67.15115000000011,67.3791500000001,13896
2026-08-19T10:00:00+00:00,67.3791500000001,67.52115000000003,67.26615000000008,67.45615000000001,13310
2026-08-19T11:00:00+00:00,67.45615000000001,67.79015000000001,67.41315,67.66715,15180
2026-08-19T12:00:00+00:00,67.66715,69.25515000000006,67.61815,69.02815000000007,51610
2026-08-19T13:00:00+00:00,69.02815000000007,69.59015000000007,68.64515000000006,69.20315000000006,66862
2026-08-19T14:00:00+00:00,69.20315000000006,70.03815000000006,69.12915000000007,69.71815000000007,53727
2026-08-19T15:00:00+00:00,69.71815000000007,70.02715000000006,69.52815000000007,70.00215000000006,28342
2026-08-19T16:00:00+00:00,70.00215000000006,70.17115000000007,69.90015000000007,69.90415000000006,20797
2026-08-19T17:00:00+00:00,69.90415000000006,70.03815000000006,69.72015000000006,69.80515000000007,18768
2026-08-19T18:00:00+00:00,69.80515000000007,70.17715000000007,69.59615000000007,70.16415000000006,22969
2026-08-19T19:00:00+00:00,70.16415000000006,70.63915000000006,70.16215000000007,70.49915000000006,19108
2026-08-19T20:00:00+00:00,70.49915000000006,71.13415000000006,70.42115000000007,71.10115000000006,8855
2026-08-19T22:00:00+00:00,71.10115000000006,71.44015000000006,71.01315000000005,71.22015000000006,8136.707538191836
2026-08-19T23:00:00+00:00,71.22015000000006,71.47215000000007,71.18515000000006,71.27815000000007,8620
2026-08-20T00:00:00+00:00,71.27815000000007,71.61615000000006,71.00615000000006,71.08715000000007,28410
2026-08-20T01:00:00+00:00,71.08715000000007,71.26015000000007,70.70415000000007,71.04915000000007,47404
2026-08-20T02:00:00+00:00,71.04915000000007,71.62815000000006,71.04915000000007,71.36115000000007,29165
2026-08-20T03:00:00+00:00,71.36115000000007,71.57015000000007,71.29715000000006,71.50315000000006,18386
2026-08-20T04:00:00+00:00,71.50315000000006,71.52215000000007,71.16515000000007,71.39515000000007,11215
2026-08-20T05:00:00+00:00,71.39515000000007,71.61015000000006,70.92815000000006,71.10615000000007,20507
2026-08-20T06:00:00+00:00,71.10615000000007,71.46315000000007,71.01915000000007,71.32315000000007,22522
2026-08-20T07:00:00+00:00,71.32315000000007,71.32415000000006,70.78715000000007,70.90715000000007,20791
2026-08-20T08:00:00+00:00,70.90715000000007,71.17615000000006,70.85615000000007,70.97115000000007,24436
2026-08-20T09:00:00+00:00,70.97115000000007,71.07715000000006,70.90415000000007,70.97615000000006,21731
2026-08-20T10:00:00+00:00,70.97615000000006,71.27115000000006,70.93215000000006,71.17415000000007,17844
2026-08-20T11:00:00+00:00,71.17415000000007,71.22315000000006,70.45015000000006,70.46915000000007,26899
2026-08-20T12:00:00+00:00,70.46915000000007,70.94415000000006,69.94715000000006,70.86315000000006,42219
2026-08-20T13:00:00+00:00,70.86315000000006,71.82815000000006,70.82815000000006,71.48515000000006,61536
2026-08-20T14:00:00+00:00,71.48515000000006,72.72715000000007,71.42615000000006,72.70215000000006,60665
2026-08-20T15:00:00+00:00,72.70215000000006,73.42115000000007,72.47015000000006,72.63515000000007,79403
2026-08-20T16:00:00+00:00,72.63515000000007,72.75115000000007,72.24715000000006,72.53515000000006,37244
2026-08-20T17:00:00+00:00,72.53515000000006,72.61415000000007,72.36315000000006,72.49015000000007,26331
2026-08-20T18:00:00+00:00,72.49015000000007,72.52815000000007,72.05915000000006,72.23615000000007,30262
2026-08-20T19:00:00+00:00,72.23615000000007,72.69615000000006,72.16115000000006,72.58715000000007,24903
2026-08-20T20:00:00+00:00,72.58715000000007,72.62315000000007,72.37215000000006,72.40215000000006,7492
2026-08-20T22:00:00+00:00,72.40215000000006,72.79815000000006,72.40215000000006,72.78615000000006,4385.938982295958
2026-08-20T23:00:00+00:00,72.78615000000006,72.92415000000007,72.70515000000007,72.73115000000007,6757
2026-08-21T00:00:00+00:00,72.73115000000007,72.78015000000006,72.46315000000007,72.50715000000007,18517
2026-08-21T01:00:00+00:00,72.50715000000007,73.22215000000007,72.43415000000007,73.07715000000007,31803
2026-08-21T02:00:00+00:00,73.07715000000007,73.55315000000007,72.86615000000008,73.25615000000006,18971
2026-08-21T03:00:00+00:00,73.25615000000006,73.51115000000007,73.23615000000007,73.41115000000006,14455
2026-08-21T04:00:00+00:00,73.41115000000006,73.71315000000007,73.39815000000007,73.51415000000007,11318
2026-08-21T05:00:00+00:00,73.51415000000007,73.73215000000008,73.25815000000007,73.70615000000006,18959
2026-08-21T06:00:00+00:00,73.70615000000006,73.71815000000007,73.32815000000006,73.37115000000007,23115
2026-08-21T07:00:00+00:00,73.37115000000007,73.95615000000006,73.33915000000007,73.86815000000007,18104
2026-08-21T08:00:00+00:00,73.86815000000007,74.45015000000006,73.66015000000007,74.35215000000007,20827
2026-08-21T09:00:00+00:00,74.35215000000007,74.52515000000007,73.94715000000006,73.96415000000007,18947
2026-08-21T10:00:00+00:00,73.96415000000007,74.08915000000007,73.70315000000006,74.02915000000007,18554
2026-08-21T11:00:00+00:00,74.02915000000007,74.54815000000006,73.95415000000007,74.23915000000007,25178
2026-08-21T12:00:00+00:00,74.23915000000007,74.27615000000007,73.59315000000007,73.95715000000007,27968
2026-08-21T13:00:00+00:00,73.95715000000007,74.39215000000007,73.77115000000006,73.87915000000007,56021
2026-08-21T14:00:00+00:00,73.87915000000007,74.33015000000007,73.42515000000007,73.68115000000007,65894
2026-08-21T15:00:00+00:00,73.68115000000007,74.22815000000007,73.53115000000007,74.05515000000007,44758
2026-08-21T16:00:00+00:00,74.05515000000007,74.47615000000008,73.86615000000008,74.42615000000006,31460
2026-08-21T17:00:00+00:00,74.42615000000006,74.47515000000007,73.92715000000007,74.02715000000006,44931
2026-08-21T18:00:00+00:00,74.02715000000006,74.26315000000007,74.00315000000006,74.13415000000006,24619
2026-08-21T19:00:00+00:00,74.13415000000006,74.15815000000006,73.80515000000007,73.92315000000006,19808
2026-08-21T20:00:00+00:00,73.92315000000006,73.92615000000006,73.34515000000007,73.49915000000007,7731
2026-08-23T22:00:00+00:00,68.813,69.299,68.715,68.773,13760
2026-08-23T23:00:00+00:00,68.773,69.22,68.731,69.201,13102
2026-08-24T00:00:00+00:00,69.201,69.575,68.56,69.169,33628
2026-08-24T01:00:00+00:00,69.169,69.375,68.255,68.666,48627
2026-08-24T02:00:00+00:00,68.666,69.188,68.501,68.799,32701
2026-08-24T03:00:00+00:00,68.799,69.044,68.641,68.811,19120
2026-08-24T04:00:00+00:00,68.811,68.876,68.672,68.725,15013
2026-08-24T05:00:00+00:00,68.725,68.903,68.473,68.83,23748
2026-08-24T06:00:00+00:00,68.83,69.282,68.776,69.003,34046
2026-08-24T07:00:00+00:00,69.003,69.125,68.624,68.75,27303
2026-08-24T08:00:00+00:00,68.75,68.956,68.496,68.589,25392
2026-08-24T09:00:00+00:00,68.589,68.734,68.501,68.719,19056
2026-08-24T10:00:00+00:00,68.719,68.884,68.623,68.691,15194
2026-08-24T11:00:00+00:00,68.691,69.385,68.569,69.131,31892
2026-08-24T12:00:00+00:00,69.131,69.322,68.763,69.034,31527
2026-08-24T13:00:00+00:00,69.034,69.76,68.669,68.86,90417
2026-08-24T14:00:00+00:00,68.86,69.145,68.49,68.791,66658
2026-08-24T15:00:00+00:00,68.791,69.257,68.209,68.374,48371
2026-08-24T16:00:00+00:00,68.374,68.72,68.348,68.512,31057
2026-08-24T17:00:00+00:00,68.512,68.746,68.183,68.33,40482
2026-08-24T18:00:00+00:00,68.33,68.575,68.15,68.351,25904
2026-08-24T19:00:00+00:00,68.351,68.692,68.318,68.677,20067
2026-08-24T20:00:00+00:00,68.677,68.82,68.651,68.753,5241
2026-08-24T22:00:00+00:00,68.753,69.09,68.753,69.066,4089
2026-08-24T23:00:00+00:00,69.066,69.595,69.013,69.555,9129
2026-08-25T00:00:00+00:00,69.555,69.788,69.154,69.248,37567
2026-08-25T01:00:00+00:00,69.248,69.366,68.572,68.586,53907
2026-08-25T02:00:00+00:00,68.586,68.669,67.389,67.599,53541
2026-08-25T03:00:00+00:00,67.599,67.914,67.516,67.818,27547
2026-08-25T04:00:00+00:00,67.818,67.888,67.563,67.651,18163
2026-08-25T05:00:00+00:00,67.651,68.152,67.586,67.897,32823
2026-08-25T06:00:00+00:00,67.897,68.507,67.827,68.236,25472
2026-08-25T07:00:00+00:00,68.236,68.304,67.888,67.891,18166
2026-08-25T08:00:00+00:00,67.891,68.106,67.565,67.742,32744
2026-08-25T09:00:00+00:00,67.742,68.078,67.414,67.889,28792
2026-08-25T10:00:00+00:00,67.889,67.917,67.646,67.741,16096
2026-08-25T11:00:00+00:00,67.741,68.081,67.646,67.955,16581
2026-08-25T12:00:00+00:00,67.955,68.079,67.635,68.076,23661
2026-08-25T13:00:00+00:00,68.076,68.096,67.286,67.548,63818
2026-08-25T14:00:00+00:00,67.548,68.145,67.536,68.002,62669
2026-08-25T15:00:00+00:00,68.002,68.754,67.869,68.684,49444
2026-08-25T16:00:00+00:00,68.684,68.715,68.369,68.548,34387
2026-08-25T17:00:00+00:00,68.548,68.81700000000001,68.459,68.741,29513
2026-08-25T18:00:00+00:00,68.741,68.788,68.612,68.751,22625
2026-08-25T19:00:00+00:00,68.751,69.13600000000001,68.71600000000001,68.78800000000001,24568
2026-08-25T20:00:00+00:00,68.78800000000001,68.933,68.424,68.465,8790
2026-08-25T22:00:00+00:00,68.466,68.944,68.462,68.897,4985
2026-08-25T23:00:00+00:00,68.897,68.927,68.541,68.591,7412
2026-08-26T00:00:00+00:00,68.591,68.68,68.225,68.244,28719
2026-08-26T01:00:00+00:00,68.244,69.304,68.046,69.168,45878
2026-08-26T02:00:00+00:00,69.168,69.608,69.068,69.28,28992
2026-08-26T03:00:00+00:00,69.28,69.334,68.949,69.059,20457
2026-08-26T04:00:00+00:00,69.059,69.124,68.816,68.836,10112
2026-08-26T05:00:00+00:00,68.836,69.33,68.826,69.073,23229
2026-08-26T06:00:00+00:00,69.073,69.073,68.463,68.608,28296
2026-08-26T07:00:00+00:00,68.608,68.806,68.485,68.537,16428
2026-08-26T08:00:00+00:00,68.537,68.575,68.339,68.482,15105
2026-08-26T09:00:00+00:00,68.482,68.61,68.298,68.514,15013
2026-08-26T10:00:00+00:00,68.514,68.515,68.305,68.313,12444
2026-08-26T11:00:00+00:00,68.313,68.5,68.219,68.5,16658
2026-08-26T12:00:00+00:00,68.5,68.85,68.172,68.176,32548
2026-08-26T13:00:00+00:00,68.176,68.354,67.751,68.309,56257
2026-08-26T14:00:00+00:00,68.309,68.41,67.743,67.743,44506
2026-08-26T15:00:00+00:00,67.743,67.984,67.361,67.768,46725
2026-08-26T16:00:00+00:00,67.768,67.946,67.671,67.848,34441
2026-08-26T17:00:00+00:00,67.848,67.993,67.762,67.839,31876
2026-08-26T18:00:00+00:00,67.839,68.113,67.816,68.05199999999999,28100
2026-08-26T19:00:00+00:00,68.05199999999999,68.18699999999998,67.963,68.03799999999998,23937
2026-08-26T20:00:00+00:00,68.03799999999998,68.07,67.76799999999999,67.98799999999999,15100
2026-08-26T22:00:00+00:00,67.952,68.672,67.952,68.595,7026
2026-08-26T23:00:00+00:00,68.595,68.883,68.573,68.793,7082
2026-08-27T00:00:00+00:00,68.793,68.868,68.321,68.357,16610
2026-08-27T01:00:00+00:00,68.357,69.457,68.291,69.391,39080
2026-08-27T02:00:00+00:00,69.391,69.446,68.869,69.035,18865
2026-08-27T03:00:00+00:00,69.035,69.332,68.859,68.896,12067
2026-08-27T04:00:00+00:00,68.896,68.956,68.704,68.816,9313
2026-08-27T05:00:00+00:00,68.816,68.952,68.207,68.526,22026
2026-08-27T06:00:00+00:00,68.526,68.697,68.322,68.442,18610
2026-08-27T07:00:00+00:00,68.442,68.498,68.075,68.273,17354
2026-08-27T08:00:00+00:00,68.273,68.403,68.185,68.358,13611
2026-08-27T09:00:00+00:00,68.358,68.396,67.979,68.001,17013
2026-08-27T10:00:00+00:00,68.001,68.319,67.8,68.297,15291
2026-08-27T11:00:00+00:00,68.297,68.349,68.081,68.122,16226
2026-08-27T12:00:00+00:00,68.122,68.277,67.711,67.842,17110
2026-08-27T13:00:00+00:00,67.842,68.225,67.452,67.784,55167
2026-08-27T14:00:00+00:00,67.784,68.665,67.741,68.57,50103
2026-08-27T15:00:00+00:00,68.57,69.32,68.416,69.282,39638
2026-08-27T16:00:00+00:00,69.282,69.45399999999998,68.99699999999999,69.43299999999998,24942
2026-08-27T17:00:00+00:00,69.43299999999998,69.57499999999997,69.11299999999999,69.13199999999998,35243
2026-08-27T18:00:00+00:00,69.13199999999998,69.13999999999999,68.85899999999998,69.07399999999998,30150
2026-08-27T19:00:00+00:00,69.07399999999998,69.41299999999998,69.06999999999998,69.31599999999999,22179
2026-08-27T20:00:00+00:00,69.31599999999999,69.31999999999998,69.04699999999998,69.07599999999998,5212
2026-08-27T22:00:00+00:00,69.071,69.288,69.033,69.264,6314
2026-08-27T23:00:00+00:00,69.264,69.273,68.981,68.986,7143
2026-08-28T00:00:00+00:00,68.986,69.25,68.795,68.877,20202
2026-08-28T01:00:00+00:00,68.877,69.515,68.284,68.423,46443
2026-08-28T02:00:00+00:00,68.423,68.924,68.411,68.845,23017
2026-08-28T03:00:00+00:00,68.845,68.959,68.626,68.662,17834
2026-08-28T04:00:00+00:00,68.662,68.821,68.597,68.79,9431
2026-08-28T05:00:00+00:00,68.79,68.813,68.487,68.592,23978
2026-08-28T06:00:00+00:00,68.592,70.301,68.544,70.277,35873
2026-08-28T07:00:00+00:00,70.277,70.794,69.963,70.527,26792
2026-08-28T08:00:00+00:00,70.527,70.619,70.047,70.189,16469
2026-08-28T09:00:00+00:00,70.189,70.419,70.164,70.339,15750
2026-08-28T10:00:00+00:00,70.339,70.483,70.094,70.241,15260
2026-08-28T11:00:00+00:00,70.241,70.287,69.955,70.019,20417
2026-08-28T12:00:00+00:00,70.019,70.594,69.996,70.529,26886
2026-08-28T13:00:00+00:00,70.529,70.947,70.203,70.506,58044
2026-08-28T14:00:00+00:00,70.506,71.011,68.022,69.739,148767
2026-08-28T15:00:00+00:00,69.739,69.877,67.775,67.903,98950
2026-08-28T16:00:00+00:00,67.903,68.018,66.234,66.802,108244
2026-08-28T17:00:00+00:00,66.802,67.068,66.462,66.668,58963
2026-08-28T18:00:00+00:00,66.668,66.717,65.953,66.151,51570
2026-08-28T19:00:00+00:00,66.151,66.452,66.068,66.294,40969
2026-08-28T20:00:00+00:00,66.294,66.33,66.103,66.221,7291
2026-08-30T22:00:00+00:00,66.221,66.571,65.386,66.385,12639
2026-08-30T23:00:00+00:00,66.385,66.51,65.817,66.276,14138
2026-08-31T00:00:00+00:00,66.276,66.697,66.135,66.27,28756
2026-08-31T01:00:00+00:00,66.27,66.634,65.879,66.096,67197
2026-08-31T02:00:00+00:00,66.096,66.124,65.503,65.955,43388
2026-08-31T03:00:00+00:00,65.955,66.2,65.894,65.992,20331
2026-08-31T04:00:00+00:00,65.992,66.247,65.945,66.219,11722
2026-08-31T05:00:00+00:00,66.219,66.797,66.168,66.563,25544
2026-08-31T06:00:00+00:00,66.563,66.738,66.241,66.512,24439
2026-08-31T07:00:00+00:00,66.512,66.944,66.482,66.82,15041
2026-08-31T08:00:00+00:00,66.82,67.12,66.716,66.822,16564
2026-08-31T09:00:00+00:00,66.822,66.97,66.793,66.868,10881
2026-08-31T10:00:00+00:00,66.868,67.116,66.795,67.06,13467
2026-08-31T11:00:00+00:00,67.06,67.293,67.033,67.117,13179
2026-08-31T12:00:00+00:00,67.117,67.327,66.486,66.493,27620
2026-08-31T13:00:00+00:00,66.493,66.771,66.09,66.266,63929
2026-08-31T14:00:00+00:00,66.266,66.414,65.899,66.132,54503
2026-08-31T15:00:00+00:00,66.132,66.329,65.888,65.966,43424
2026-08-31T16:00:00+00:00,65.966,66.348,65.904,66.135,32408
2026-08-31T17:00:00+00:00,66.135,66.335,66.034,66.206,26960
2026-08-31T18:00:00+00:00,66.206,66.221,65.903,65.963,17362
2026-08-31T19:00:00+00:00,65.963,66.488,65.904,66.429,19270
2026-08-31T20:00:00+00:00,66.429,66.551,66.318,66.364,6106
2026-08-31T22:00:00+00:00,66.364,66.592,66.297,66.347,3197
2026-08-31T23:00:00+00:00,66.347,66.459,66.265,66.444,3084
2026-09-01T00:00:00+00:00,66.444,66.775,66.379,66.661,11902
2026-09-01T01:00:00+00:00,66.661,66.744,66.277,66.564,26274
2026-09-01T02:00:00+00:00,66.564,66.708,65.926,66.567,21065
2026-09-01T03:00:00+00:00,66.567,66.743,66.317,66.579,14214
2026-09-01T04:00:00+00:00,66.579,66.608,66.197,66.219,11013
2026-09-01T05:00:00+00:00,66.219,66.923,66.038,66.55,20033
2026-09-01T06:00:00+00:00,66.55,66.634,66.251,66.296,16629
2026-09-01T07:00:00+00:00,66.296,66.5,65.792,66.26,23738
2026-09-01T08:00:00+00:00,66.26,66.313,64.552,64.557,54415
2026-09-01T09:00:00+00:00,64.557,64.743,64.303,64.351,32873
2026-09-01T10:00:00+00:00,64.351,65.081,64.331,64.638,19852
2026-09-01T11:00:00+00:00,64.637,64.906,64.51,64.607,24686
2026-09-01T12:00:00+00:00,64.607,64.977,64.42,64.561,38470
2026-09-01T13:00:00+00:00,64.561,64.837,64.107,64.676,84852
2026-09-01T14:00:00+00:00,64.676,65.012,64.397,64.64,54211
2026-09-01T15:00:00+00:00,64.64,65.146,64.516,65.086,36986
2026-09-01T16:00:00+00:00,65.086,65.217,64.606,64.673,41788
2026-09-01T17:00:00+00:00,64.673,64.784,64.419,64.457,35900
2026-09-01T18:00:00+00:00,64.457,64.509,63.99,64.043,31695
2026-09-01T19:00:00+00:00,64.043,64.202,63.867,63.946,27552
2026-09-01T20:00:00+00:00,63.946,64.156,63.86,63.916,8171
2026-09-01T22:00:00+00:00,63.916,64.11,63.805,63.931,3337
2026-09-01T23:00:00+00:00,63.931,64.231,63.867,63.977,6708
2026-09-02T00:00:00+00:00,63.977,64.328,63.707,63.737,24515
2026-09-02T01:00:00+00:00,63.737,64.089,63.192,63.23,45511
2026-09-02T02:00:00+00:00,63.23,63.925,63.154,63.577,24132
2026-09-02T03:00:00+00:00,63.577,63.682,63.282,63.537,17627
2026-09-02T04:00:00+00:00,63.537,63.623,63.489,63.616,8994
2026-09-02T05:00:00+00:00,63.616,64.039,63.492,63.843,19084
2026-09-02T06:00:00+00:00,63.843,64.027,63.691,63.838,22352
2026-09-02T07:00:00+00:00,63.838,64.159,63.781,63.853,20179
2026-09-02T08:00:00+00:00,63.853,64.061,63.595,63.624,21999
2026-09-02T09:00:00+00:00,63.624,63.856,63.469,63.543,17529
2026-09-02T10:00:00+00:00,63.543,63.68,63.432,63.534,13647
2026-09-02T11:00:00+00:00,63.534,64.335,63.497,64.165,25596
2026-09-02T12:00:00+00:00,64.165,64.443,64.044,64.082,34800
2026-09-02T13:00:00+00:00,64.082,65.458,64.043,65.336,56183
2026-09-02T14:00:00+00:00,65.336,65.476,64.871,64.928,52895
2026-09-02T15:00:00+00:00,64.928,65.051,64.73,64.924,28491
2026-09-02T16:00:00+00:00,64.924,64.966,64.701,64.804,22031
2026-09-02T17:00:00+00:00,64.804,64.987,64.66,64.889,18292
2026-09-02T18:00:00+00:00,64.889,65.059,64.775,64.937,17149
2026-09-02T19:00:00+00:00,64.937,65.208,64.869,65.201,15924
2026-09-02T20:00:00+00:00,65.201,65.322,65.089,65.143,6392
2026-09-02T22:00:00+00:00,65.143,65.295,65.133,65.162,2180
2026-09-02T23:00:00+00:00,65.162,65.306,65.092,65.197,3190
2026-09-03T00:00:00+00:00,65.197,65.29,65.052,65.202,11437
2026-09-03T01:00:00+00:00,65.202,65.677,65.131,65.57,28542
2026-09-03T02:00:00+00:00,65.57,65.749,65.47,65.599,19051
2026-09-03T03:00:00+00:00,65.599,66.004,65.534,65.953,14024
2026-09-03T04:00:00+00:00,65.953,66.2,65.796,66.027,9694
2026-09-03T05:00:00+00:00,66.027,66.097,65.472,65.67,22219
2026-09-03T06:00:00+00:00,65.67,65.98,65.479,65.504,25220
2026-09-03T07:00:00+00:00,65.504,65.887,65.469,65.768,23029
2026-09-03T08:00:00+00:00,65.768,66.086,65.696,65.756,29645
2026-09-03T09:00:00+00:00,65.756,65.879,65.498,65.541,17513
2026-09-03T10:00:00+00:00,65.541,65.57,65.265,65.424,14230
2026-09-03T11:00:00+00:00,65.424,65.891,65.405,65.672,23402
2026-09-03T12:00:00+00:00,65.672,66.695,65.451,66.522,49728
2026-09-03T13:00:00+00:00,66.522,66.614,65.838,66.265,65109
2026-09-03T14:00:00+00:00,66.265,66.601,65.994,66.595,57283
2026-09-03T15:00:00+00:00,66.595,67.35,66.59,66.934,48308
2026-09-03T16:00:00+00:00,66.934,67.079,66.798,66.854,26995
2026-09-03T17:00:00+00:00,66.854,67.09,66.832,66.959,19112
2026-09-03T18:00:00+00:00,66.959,67.025,66.695,66.718,14997
2026-09-03T19:00:00+00:00,66.718,66.921,66.684,66.878,14097
2026-09-03T20:00:00+00:00,66.878,66.888,66.738,66.784,4288
2026-09-03T22:00:00+00:00,66.784,66.921,66.774,66.81,4011
2026-09-03T23:00:00+00:00,66.81,66.859,66.733,66.813,4068
2026-09-04T00:00:00+00:00,66.813,67,66.656,66.957,9567
2026-09-04T01:00:00+00:00,66.957,67.04,66.422,66.719,25106
2026-09-04T02:00:00+00:00,66.719,66.805,66.456,66.677,15586
2026-09-04T03:00:00+00:00,66.677,66.68,66.445,66.445,9659
2026-09-04T04:00:00+00:00,66.445,66.626,66.404,66.611,7214
2026-09-04T05:00:00+00:00,66.611,66.734,66.365,66.507,14758
2026-09-04T06:00:00+00:00,66.507,66.568,66.133,66.406,19505
2026-09-04T07:00:00+00:00,66.406,66.892,66.37,66.835,14315
2026-09-04T08:00:00+00:00,66.835,67.028,66.826,66.902,15688
2026-09-04T09:00:00+00:00,66.902,66.924,66.471,66.541,12982
2026-09-04T10:00:00+00:00,66.541,66.772,66.524,66.675,10091
2026-09-04T11:00:00+00:00,66.675,66.867,66.583,66.77,10307
2026-09-04T12:00:00+00:00,66.77,67.015,64.927,65.34,77090
2026-09-04T13:00:00+00:00,65.34,65.894,64.578,65.426,77586
2026-09-04T14:00:00+00:00,65.426,66.106,65.368,65.708,63501
2026-09-04T15:00:00+00:00,65.708,66.328,65.646,65.99,40491
2026-09-04T16:00:00+00:00,65.99,66.185,65.871,65.946,25907
2026-09-04T17:00:00+00:00,65.946,66.104,65.625,65.707,33458
2026-09-04T18:00:00+00:00,65.707,66.027,65.594,65.842,23519
2026-09-04T19:00:00+00:00,65.842,66.145,65.822,66.06,15661
2026-09-04T20:00:00+00:00,66.06,66.078,65.968,65.991,3106
2026-09-06T22:00:00+00:00,65.991,66.094,65.703,66.073,2378
2026-09-06T23:00:00+00:00,66.073,66.165,65.959,65.987,3806
2026-09-07T00:00:00+00:00,65.987,66.293,65.949,65.949,12040
2026-09-07T01:00:00+00:00,65.949,66.106,65.39,65.911,35507
2026-09-07T02:00:00+00:00,65.911,66.18,65.763,65.839,16211
2026-09-07T03:00:00+00:00,65.839,65.888,65.582,65.635,9582
2026-09-07T04:00:00+00:00,65.635,65.729,65.448,65.579,5986
2026-09-07T05:00:00+00:00,65.579,66.111,65.397,65.489,13973
2026-09-07T06:00:00+00:00,65.489,65.684,65.31,65.452,19473
2026-09-07T07:00:00+00:00,65.452,65.766,65.327,65.716,21184
2026-09-07T08:00:00+00:00,65.716,66.059,65.573,65.729,18400
2026-09-07T09:00:00+00:00,65.729,65.772,65.581,65.605,8803
2026-09-07T10:00:00+00:00,65.605,65.61,65.349,65.404,12655
2026-09-07T11:00:00+00:00,65.404,65.486,65.238,65.326,12923
2026-09-07T12:00:00+00:00,65.326,65.581,65.32,65.576,10305
2026-09-07T13:00:00+00:00,65.576,65.869,65.527,65.774,19338
2026-09-07T14:00:00+00:00,65.774,66.579,65.749,66.4,19853
2026-09-07T15:00:00+00:00,66.4,66.428,66.058,66.179,13587
2026-09-07T16:00:00+00:00,66.179,66.352,66.049,66.209,6758
2026-09-07T17:00:00+00:00,66.209,66.219,65.977,66.002,3112
2026-09-07T18:00:00+00:00,66.002,66.049,65.958,66.007,2357
2026-09-07T19:00:00+00:00,66.007,66.156,65.995,66.016,182
2026-09-07T20:00:00+00:00,66.016,66.157,65.916,65.916,98
2026-09-07T22:00:00+00:00,65.916,66.217,65.916,66.081,3395
2026-09-07T23:00:00+00:00,66.081,66.533,66.036,66.402,9057
2026-09-08T00:00:00+00:00,66.402,66.611,66.144,66.54,28051
2026-09-08T01:00:00+00:00,66.54,66.923,66.262,66.775,38812
2026-09-08T02:00:00+00:00,66.775,66.828,66.407,66.507,20312
2026-09-08T03:00:00+00:00,66.507,67.128,66.469,66.842,14602
2026-09-08T04:00:00+00:00,66.842,66.968,66.767,66.879,8619
2026-09-08T05:00:00+00:00,66.879,66.917,66.285,66.391,21610
2026-09-08T06:00:00+00:00,66.391,66.413,65.792,66.011,30984
2026-09-08T07:00:00+00:00,66.011,66.301,65.672,65.763,23745
2026-09-08T08:00:00+00:00,65.763,65.897,65.528,65.699,27500
2026-09-08T09:00:00+00:00,65.699,66.004,65.622,65.961,19613
2026-09-08T10:00:00+00:00,65.961,66.254,65.72,65.723,19307
2026-09-08T11:00:00+00:00,65.723,66.139,65.691,66.104,18780
2026-09-08T12:00:00+00:00,66.104,66.421,65.592,66.294,33749
2026-09-08T13:00:00+00:00,66.294,66.503,65.7,66.048,58327
2026-09-08T14:00:00+00:00,66.048,66.2,65.677,66.02,48351
2026-09-08T15:00:00+00:00,66.02,66.417,65.997,66.043,32663
2026-09-08T16:00:00+00:00,66.043,66.276,65.695,66.17,29504
2026-09-08T17:00:00+00:00,66.17,66.436,66.068,66.172,22944
2026-09-08T18:00:00+00:00,66.172,66.351,65.37,65.913,36100
2026-09-08T19:00:00+00:00,65.913,65.988,65.528,65.577,30752
2026-09-08T20:00:00+00:00,65.577,65.727,65.398,65.57,8694
2026-09-08T22:00:00+00:00,65.57,65.629,65.354,65.442,4379
2026-09-08T23:00:00+00:00,65.442,65.6,65.393,65.426,4551
2026-09-09T00:00:00+00:00,65.426,65.989,65.423,65.968,18315
2026-09-09T01:00:00+00:00,65.968,66.118,65.512,65.916,30339
2026-09-09T02:00:00+00:00,65.916,66.532,65.727,66.319,18715
2026-09-09T03:00:00+00:00,66.319,66.355,66.014,66.063,11475
2026-09-09T04:00:00+00:00,66.063,66.18,65.913,66.161,7986
2026-09-09T05:00:00+00:00,66.161,66.591,66.122,66.544,18100
2026-09-09T06:00:00+00:00,66.544,66.7,66.406,66.487,16347
2026-09-09T07:00:00+00:00,66.487,66.844,66.453,66.693,14147
2026-09-09T08:00:00+00:00,66.693,66.699,66.394,66.464,15154
2026-09-09T09:00:00+00:00,66.464,66.537,66.031,66.078,15810
2026-09-09T10:00:00+00:00,66.078,66.228,65.896,66.072,18029
2026-09-09T11:00:00+00:00,66.072,66.494,66.072,66.133,20655
2026-09-09T12:00:00+00:00,66.133,66.341,65.829,66.237,23984
2026-09-09T13:00:00+00:00,66.237,67.744,66.196,67.167,53865
2026-09-09T14:00:00+00:00,67.167,68.12,67.162,67.828,56021
2026-09-09T15:00:00+00:00,67.828,68.141,66.431,67.125,94555
2026-09-09T16:00:00+00:00,67.125,67.744,66.992,67.714,42168
2026-09-09T17:00:00+00:00,67.714,68.169,67.673,67.743,29207
2026-09-09T18:00:00+00:00,67.743,67.832,67.244,67.265,20649
2026-09-09T19:00:00+00:00,67.265,67.417,67.011,67.073,21973
2026-09-09T20:00:00+00:00,67.073,67.274,66.96,67.085,5564
2026-09-09T22:00:00+00:00,67.085,67.39,67.084,67.107,4152
2026-09-09T23:00:00+00:00,67.107,67.202,67.002,67.049,6076
2026-09-10T00:00:00+00:00,67.049,67.292,67.012,67.158,12997
2026-09-10T01:00:00+00:00,67.158,67.525,67.088,67.201,35341
2026-09-10T02:00:00+00:00,67.201,67.52,67.107,67.436,21938
2026-09-10T03:00:00+00:00,67.436,67.598,67.177,67.215,14282
2026-09-10T04:00:00+00:00,67.215,67.472,67.198,67.277,7177
2026-09-10T05:00:00+00:00,67.277,67.755,67.263,67.732,21060
2026-09-10T06:00:00+00:00,67.732,67.786,67.337,67.398,21467
2026-09-10T07:00:00+00:00,67.398,67.435,66.938,67.182,17098
2026-09-10T08:00:00+00:00,67.182,67.225,66.538,66.577,18133
2026-09-10T09:00:00+00:00,66.577,66.633,66.28,66.465,16798
2026-09-10T10:00:00+00:00,66.465,66.597,65.522,65.578,35421
2026-09-10T11:00:00+00:00,65.539,65.905,65.368,65.412,32070
2026-09-10T12:00:00+00:00,65.412,65.618,63.761,63.895,78965
2026-09-10T13:00:00+00:00,63.895,64.884,63.888,64.387,94819
2026-09-10T14:00:00+00:00,64.387,64.801,64.047,64.307,79717
2026-09-10T15:00:00+00:00,64.306,64.451,64.116,64.181,49462
2026-09-10T16:00:00+00:00,64.181,64.284,63.838,64.132,46779
2026-09-10T17:00:00+00:00,64.132,64.314,64,64.056,40270
2026-09-10T18:00:00+00:00,64.056,64.11,63.559,63.713,58065
2026-09-10T19:00:00+00:00,63.713,63.713,63.374,63.51,34259
2026-09-10T20:00:00+00:00,63.51,63.616,63.338,63.408,7370
2026-09-10T22:00:00+00:00,63.408,63.467,63.242,63.363,5416
2026-09-10T23:00:00+00:00,63.363,63.439,63.219,63.297,6278
2026-09-11T00:00:00+00:00,63.297,63.585,63.248,63.528,20657
2026-09-11T01:00:00+00:00,63.528,63.658,63.06,63.308,37906
2026-09-11T02:00:00+00:00,63.308,63.35,62.984,63.202,21979
2026-09-11T03:00:00+00:00,63.202,63.322,62.877,62.915,20884
2026-09-11T04:00:00+00:00,62.915,63.505,62.877,63.399,15294
2026-09-11T05:00:00+00:00,63.399,63.981,63.374,63.812,23564
2026-09-11T06:00:00+00:00,63.812,64.047,63.681,63.809,24080
2026-09-11T07:00:00+00:00,63.809,63.956,63.7,63.84,17036
2026-09-11T08:00:00+00:00,63.84,64.183,63.688,63.946,24341
2026-09-11T09:00:00+00:00,63.946,64.094,63.748,63.85,13153
2026-09-11T10:00:00+00:00,63.85,63.955,63.665,63.686,17021
2026-09-11T11:00:00+00:00,63.686,63.794,63.577,63.69,22050
2026-09-11T12:00:00+00:00,63.69,65.062,62.656,65.014,72938
2026-09-11T13:00:00+00:00,65.014,65.132,64.561,65.105,89189
2026-09-11T14:00:00+00:00,65.105,65.105,64.35,64.37,87796
2026-09-11T15:00:00+00:00,64.37,64.415,64.077,64.299,56886
2026-09-11T16:00:00+00:00,64.299,64.431,63.945,64.268,32172
2026-09-11T17:00:00+00:00,64.268,64.541,64.263,64.3,20855
2026-09-11T18:00:00+00:00,64.3,64.362,64.055,64.1,19999
2026-09-11T19:00:00+00:00,64.1,64.31,64.07,64.208,12385
2026-09-11T20:00:00+00:00,64.208,64.27,64.159,64.208,3453
